0,review
BTS 버스정류장,이거랑 주문진 해변이 끝이지만 예쁘니까 아무튼 OK입니다 ^_< 주말이라서 그런지 추운 날인데도 줄 서서 사진 찍었어요
BTS 버스정류장,맑은날 가면 경치가 정말 좋아요.
BTS 버스정류장,딸이  방탄소년단 팬이라  강릉에  갈때마다  들리는곳이 됐네요  정류장옆 해변은  노을조차도  아름다운 곳이예요
BTS 버스정류장,촬영지라는 점 빼고는 별로...
BTS 버스정류장,어디 가는 길에 살짝 들르자
BTS 버스정류장,바다랑+버스정류장 조합이 예뻐서 사진찍기 좋아요
BTS 버스정류장,드라이브코스 포토존 벚꽃명소 여자친구가 BTS 아미팬이라서 갔는데 짱 멋있었음
BTS 버스정류장,포토존 드라이브명소
BTS 버스정류장,BTS버스 정류장 주차하기는 쉽지 않았지만 사진 찍기 괜찮았어요
BTS 버스정류장,평범한 해변(향호) 옆 버스정류장인데 방탄소년단의 인기가 실감나는 곳이었습니다. 아직도 줄서서 기념 사진을 찍으시더라고요. 당연히 실제 버스가 서지는 않으니 들르시면 기념 사진 남겨보세요. 그리고 향호 해변이 참 예쁘니 산책도 하시고요.
BTS 버스정류장,드라이브명소 일출명소 포토존 ...굿!
BTS 버스정류장,You never walk alone!
BTS 버스정류장,BTS의 앨범 촬영을 했던 향호해변의 버스정류장
BTS 버스정류장,아름다운 바다에 호젓한 버스정류장줄서서 사진찍기외국인들이 많이 찾아옴
BTS 버스정류장,after coming Korea this is the only place that am going to remember all my life
BTS 버스정류장,"앨범촬영장으로 주문진에 가면 볼수 있는곳BTS명성 만큼 계절, 시간, 따질수 없을 만큼인기있는곳. 여행객이 뭄빌땐 주차는 필히하고 가셔요. 가볍게 산책도 좋아요"
BTS 버스정류장,재미삼아 사진찍으러 한번 들르기엔 좋아요ㅎㅎ
BTS 버스정류장,엄마 아빠 나날씨도좋았구 하늘도 너무 이뿌고참 감사하고 행복한시간이였어요추억만들기 힐링하고  효도하구BTS 뽀에버 우리가족 뽀에버
BTS 버스정류장,월요일오니까 조용하고 고즈녘함. 다만 버스정류장 앞에 주차는 하지 않았으면 좋겠음.
BTS 버스정류장,한번쯤 가보면 좋을 곳 뷰도 예쁘고 옆에 그네도 있고 근처 카페에서 음료사서 걷기 좋음.
BTS 버스정류장,지나는 길에 요즘 유명세를 타는 장소라 하여 들려본곳...풍경은 탁트인 주문진 해변에 있어 좋습니다...작은 정류장과 포토존 표식이 있는데 BTS 팬분들이라면 좋아할듯~ 외국분들도 계시던데...
BTS 버스정류장,바다가 깨끗하고 풍경이 멋져요.
BTS 버스정류장,BTS좋아하신다면함 가볼만한곳입니다.뷰가 좋아요
BTS 버스정류장,BTS 성지 중 가장 유명한 곳으로 봄날 앨범 재킷을 찍은 장소예요 많은 국내와 외국인 아미들이 끊임없이 방문하는 곳이고 바로 뒷편이 해변가라 분위기 정말 좋아요💜
BTS 버스정류장,마눌이 가고싶다해서.
BTS 버스정류장,포토존
BTS 버스정류장,아련한 방탄의 봄날 분위기를 느낄 수 있는 장소. 다시 봄날이 올 때까지 꽃피울 때까지
BTS 버스정류장,뷰는 좋으나 관리를 안하는 거 같아요.칠이 벗겨져있고 색이 바래져있음. ㅠㅠ
BTS 버스정류장,도로변에 있구요! 셀카봉 삼각대 필요없어요! 폰만 들고오세용
BTS 버스정류장,cute place to take photos
BTS 버스정류장,생각보다 되게 아담하네요 ㅎㅎ유명해서 지나가다 들렀는데 평일이라 그런지 한산했어요!
BTS 버스정류장,포토존
BTS 버스정류장,아미들의 성지인데 바다풍경도 굿이랍니다. 가까운 곳에 향호리 석호도 꼭 걸어보세요. 넘나 아름다운 벚꽃길이에요.
강릉대도호부 관아,입장료가 없어서 그런지 바닥 잔디도 그렇고 관리가 썩 잘되는 느낌은 아니고 특별히 볼 게 있는 것도 아님. 그냥 지나가다 들려보는 정도
강릉대도호부 관아,밤에 이쁘네요. 게다가 무료 ㅎㅎ
강릉대도호부 관아,사진 찍기 짱 예쁘다
강릉대도호부 관아,조용한 마당이 산책하고 쉬기 좋아요
강릉대도호부 관아,강릉 축제로 방문했는데 너무좋았음.무료로 이런 공연을 보다니... 강릉시가 서울시보다 나은거같음. 밤늦게까지 교통 통제하느라 고생한 경찰 관계자분들 고생하셨습니다.
강릉대도호부 관아,비오는 날이라 사람들이 적어 더욱 고즈넉했으며 직원분이 설명을 해주셔서 정말 좋았습니다.
강릉대도호부 관아,산책하기 좋아요
강릉대도호부 관아,좋아요
강릉대도호부 관아,모두모두
강릉대도호부 관아,미디어아트
강릉대도호부 관아,관리가 잘 되어서 깨끗해요우리도 잘 보고 보호하면서 둘러보면참좋을것 같아요 ♡
강릉대도호부 관아,강릉대도호부 관아: 고려시대부터 조선시대에 걸쳐 중앙의 관리들이 강릉에 내려오면 머물던 건물터월요일 정기휴무라고 써있었는데 왜 일요일에도 닫혀있었는지 모를ㅠ
강릉대도호부 관아,최고에요 ~
강릉대도호부 관아,올해 야행 축제 지ㅣㄴ짜 재밌었어요
강릉선교장,친절 good 볼거리 입장료가?
강릉선교장,"전문가들이 전국의 양반고택 중에서 최고로 꼽는다던데 와서 보니 이유를 알겠습니다. 정시에 맞춰 가셔서 꼭 문화관광해설사님의 해설과 함께 관람하십시오. 저희가 좋은 해설사 선생님을 만난 덕인지 모르겠으나 아주 재밌고 유익했습니다. 모르고 보면 그냥 기와집, 초가집입니다. 어떤 분들이 우루루 오셔서 해설 시간을 기다리시다가 그 중 한 분이 해설 안 들어도 된다셔서 다들 그냥 들어가시던데 해설을 듣고 나니 그 분들이 애석할 정도입니다. 강릉에 관광차 온 것은 처음인데 일행 모두 선교장이 제일 좋았다고 합니다. 여름이나 가을에 다시 방문하고 싶습니다. 사설로 운영되고 있어서 입장료는 좀 듭니다."
강릉선교장,조용히 산책하기 좋아요~
강릉선교장,선교장 숙박. ( 내가 도시화 되었나? 체험하고 좌절)숙박은 비추. 허균생가(무료) 추천
강릉선교장,날이 좋아서 좋았습니다 입장료가 있어서 조금 아쉽네요
강릉선교장,깨끗하고 반듯한 세트장같은..유지비용 많이 들어 입장료가 비싼가?30분에 5천원 쓰고왔어요.
강릉선교장,비쌈
강릉선교장,30분이면 다보는데 입장료 5천원은 좀 과하다고 생각합니다. 소나무 풍경은 예뻤습니다.
강릉선교장,비오는 날 분위기 최고예요.해설사 선생님의 해설을 듣고선교장 내 카페리몽에서 차도 한잔^^
강릉선교장,입장료는 안받으시는게 맞습니다 이건
강릉선교장,강릉 가면 무조건 여기서 묵음. 숙소로 사용되던 곳이 아니라 펜션 같은 곳에 비하면 평가하긴 그렇지만.. 여기 가면 항상 꿀잠자고 아침에 상쾌하게 일어나는 듯요. 아침에 일어나서 둘레길 도는 것도 좋고 매주 오르간? 연주하던데 그게 자연에서 울리는 파이프 소리가 엄청 묘하고 좋음
강릉선교장,일단 가성비 최악이라고 말하고 싶네요. 입장료     2천원 저렴한 오죽헌이 훨씬 볼 거리도 많고 입장료가 아깝지 않습니다. 내부 공개 안된 부분 투성이고 폐쇄된 곳도 많고 경치도 그닥... 다시는 안 올듯 하네요..
강릉선교장,마을 둘레길도 걸어보시길.
강릉선교장,한여름엔 그늘이 적어서 비추.그외 계절엔 넓어서 다니기좋아요.화장실도 깨끗 .
강릉선교장,고즈넉한 풍경 좋아하면 추천 ~.~분위기가 좋아서 산책하기 좋다. 다만 카페나 체험 마감이 너무 빨라서 아쉽다.
강릉선교장,선교장 입장료. 환불받아서 허균생가에 보내주고 싶다
강릉선교장,입장료에 비해 넘 아무 것도 없네요 선교장 내 커피숍도 넘 비싸요
강릉선교장,일제 조선총독부 고위직으로 있던 친일파가 살던 곳을.. 설악산국립공원보다 더 비싼 입장료를 받고 영업을 하고 있다니.... 반성하고 부끄러운줄 알아야지! 돈까지 쳐먹고 있네~~~ 에라이 퉤퉤퉤...
강릉선교장,크기 대비 비싼 느낌이긴 하지만 고즈넉해서 좋아요
강릉선교장,고택스테이
강릉선교장,좀 돈아까움. 생각보다 볼게 많진 않아서 기대보단 별로였다. 연꽃 들어가는 다리도 내가 갔을땐 막혀있었다.
강릉선교장,입구에서 되돌아나오게 하는 가격
강릉선교장,선교장 산책로에 앉아서 나무 바람에 흔들리는 소리 들으면서 쉬면 넘 좋아용 요기는 청룡길임당
강릉선교장,뭐하러 돈내고
강릉선교장,강릉을 몇번을 다니면서도 이곳을 몰랐네.가볍게 둘러볼만한 운치있는..
강릉선교장,경포대옆 고택
강릉선교장,한가롭게 옛고택을 돌아보는  쏠쏠한 재미가있어요. 박물관도 작지만 있어서 유래도 알수있고즐거운 시간이었습니다.연못의 연꽃은 많지 않았지만 몇송이의 연꽃이 활짝피어 있어서 좋았습니다.
강릉선교장,조선시대 대저택의 아름다운 정취를 맛보았습니다.
강릉선교장,여유 있는 분들에게는 최고.. 바쁘게 볼 사람에게는 별로..난 여유를 느끼며 보니 좋다. 창경궁 연경당 보는 느낌.
강릉선교장,명성과 입장료대비 패싱에 한표보존가치는 있어 보이나 원형보존이 매우 부족발품팔아 가서 관람하기엔 부족하다 생각국가보물 관람료 대비 넘 비싸요유지비용도 좋지만 저렴한 입장료에 홍보가 우선요
강릉선교장,김덕자해설사님의 자세한 설명들으니 더 재밌고 의미깊었던 선교장이었습니다.
강릉선교장,20200214
강릉선교장,입장료 5천원에 비해 볼거리는 부족
강릉선교장,이름에  비해선  그다지오래된  고택나름  유명과거엔  영화  촬영도  했다는데
강릉선교장,선교장 하루밤 묵었는데요잠을 자기는 좀 불편하고 잠깐들려 가볍게 옛 정취 느끼며 산책하면 좋을듯요
강릉선교장,가지마세요 진심 입장료 오천원 아까움 서울에 궁궐을 계절별로 한번 더 가는게 나음 입장료를 어디에 쓰시는건지? 연못에 연꽃이라도 좀 쳐내세요 그렇게 키큰 연잎 처음봣네요 정글인줄... 친일파 재산이라는데 남이섬처럼 사재라서 입장료가 비싼가요? 오죽헌도 입장료 3천원이던데
강릉선교장,막 되게 좋진 않고 슬쩍 구경할만 함
강릉선교장,아빠 친구 (효령대군 19대손) 집
강릉선교장,열화당이라는 사랑채가 인상적이었던. 시절이 변하니 문화재에 대한 사람들의 감흥도 변하는 듯..
강릉선교장,능소화가 너무 예뻤던 곳! 가는거 추천!
강릉선교장,일본놈꺼임
강릉선교장,도슨트 있으니 가능하다면 시간맞춰 꼭 들으세요 아는 만큼 잘 보입니다. 집이 아름답고 호젓하니 둘러보기 좋았어요
강릉선교장,달빛방문으로다녀왔는데 넘이뻐요 날밝을때와도 이쁠거같아요
강릉선교장,주변에 다른 볼거리 많습니다. 굳이.
강릉선교장,"낯선 곳이고 사진상 흥미로워 가볼까 했는데 친일파 이근우의 재산이었던 공간이니 반대로 홍보가 필요한 듯. 문화재 지정에 논란이 있었다는데, 논란이 있었다면 철회를 해야지 여전히 문화재인 것도 참 웃긴"
강릉선교장,연이 잔뜩 있는 연못이 멋지지만 입장료가 비싼 느낌..... 한 이천원~삼천원이 적당 가격
강릉선교장,"입장료가 비싼 느낌이기는하나 부모님은 연장자할인받으시고, 둘레길도 걷고 여유롭게 한시간 산책 간만에 최고로 힐링되는 시간이엿어요"
강릉선교장,고즈넉하니 조용하고 좋아요. 해설 시간에 맞춰 둘러보면 더 많이 이해하고 갈 수 있어요. 다음엔 숙박하러 오고 싶어요.
강릉선교장,"달빛방문 전에 낮의 선교장도 궁금해 좀 더 일찍 방문해 보았습니다. 생각보다 규모가 있어서 놀랐고, 무엇보다 이렇게 큰 규모의 한옥을 가꾸는데 입장료 5천원이 전 오히려 괜찮은 건가 싶었어요."
강릉선교장,5천원....값어치는 매우 아닌듯하다
강릉선교장,달빛방문으로 예매하고 갔는데 너무 좋았습니다! 다음에 또 방문하고싶어요
강릉선교장,(친일파 명단에 포함된 이근우의 후손이 소유하고있는 국가 문화재)
강릉선교장,친일파 퉤퉤
강릉선교장,멋있지만 가격이 비싸요
강릉선교장,"큰 기대없이 방문했는데 정말 인상깊었던 곳입니다. 산책로도 잘 되어있고, 포토존으로 적당한 공간들이 여러 군데 있어서 참 좋습니다."
강릉솔향수목원,여기 정말 잘 꾸며놓고 관리 잘되어있네요.근데 중간중간 뱀조심 써있는데 진짜 뱀나와요깜놀했네요 조심하세요!
강릉솔향수목원,수목원중 가장 좋았어요
강릉솔향수목원,"무료 입장 + 무료 주차. 작은 편이라 전체 훑어보는 데 약 1시간.산책하기는 좋은데, 수목 자체는 평균 이하.지역 기후 특성상 늦게까지 봄꽃이 남아있는 편."
강릉솔향수목원,꽃이 없는 시기나 겨울에는 암석원에 가보시기를 추천.
강릉솔향수목원,차가 없으면 가기 힘든 단점이 있지만피톤치드 잔뜩 ~ 힐링~
강릉솔향수목원,화려한 맛은 없지만 조용히 걷다보면 힐링된다흐르는 계곡물 맑고 내려가 직접 느낄 수도 있다계곡길따라 난대식물원까지 쭉 오르다 U턴해서 숲속 데크길로 내려오는 걸 추천
강릉솔향수목원,편안하고 안락한 곳이에요.
강릉솔향수목원,강릉시에서 꼼꼼하게 운영하는 만큼 관리 굿 무료여서 굿굿♡
강릉솔향수목원,일단 무료입장인 점에서 만족합니다. 조경과 관리도 잘 되어 있고 산책로 정비도 잘 되어 있고요. 코스도 전반적으로 한시간 언저리면 둘러볼 수 있을 정도로 적당합니다. 화장실도 깨끗합니다. 다만 쓰레기는 버릴 수 있는 곳이 없기 때문에 반드시 들고 되돌아가야 합니다.
강릉솔향수목원,등산함 ㅋㅋㅋㅋ
강릉솔향수목원,비오는 날에 가서 한적하고 선선하니 좋았어요다음에 강릉오면 또 들르고 싶은 곳
강릉솔향수목원,지인이 추천해줘서 갔는데 너무 좋네요
강릉솔향수목원,입장료가 없는데 이렇게 관리가 잘되어있다니 산책하기 너무 좋았어요
강릉솔향수목원,산책하기 너무 좋음. 입장료없음
강릉솔향수목원,청량하니 좋아요!!!
강릉솔향수목원,무료고 산책하기 좋아요
강릉솔향수목원,산책로
강릉솔향수목원,무료로 이용할 수 있어서 감사 ! 주차장도 여유 있어서 편하게 이용했어요
강릉솔향수목원,계곡 물소리 들으며 산책하기 좋아요.
강릉솔향수목원,정말 쵝오 입니다.무료에 물에 발도 담글수 잇고 아이들도 너무 조아할듯
강릉솔향수목원,추석연휴……. 당일휴원으로 입장불가 ㅜ 입구에서 돌아나옴…; 다음기회에 !
강릉솔향수목원,입장료받는 다른 곳들보다 훨씬 좋아요. 무료인데 시설관리가 잘돼서 산책하기도 너무 좋아요. 오랜만에 다람쥐 많이봐서 좋았어요
강릉솔향수목원,강릉시에서 기획하고 조경하신 수목원인가요? 정말 기분좋게 시간 보내다 갑니다. 잘구성되어고 조경되어있는 각종 식물들과 냇가발담그기 시설까지... 부모님이 넘넘 좋아하셨어요. 입장료무료 주차장무료도 마음에 드네요
강릉솔향수목원,자연경관이 빼어나고 산책 하기에 너무 좋은 수목원임.직접 방문 체험을 해 보기 바람. 적극 추천함.
강릉솔향수목원,부모님 모시고 집에 돌아가는 마지막날 일찌감치 왔는데 정말 좋습니다..  소나무향 피톤치드입구 부근에 산림욕 할수 있게 야외 베드도 몇개있어서 ...  연세가 많으셔서 잠깐 돌아보고 가는데..  다음에 다시 한번 더 와서 제대로 힐링하고 가고 싶네요..역대 수목원중 최고입니다.  입장료도 .. 수목원 조성도  강릉시  칭찬합니다...~~^^
강릉솔향수목원,"월요일 휴무인거 확인하고, 부모님과 화요일 방문했는데 전날이 한글날휴무였다고 오늘 영업중으로 나오는데 문을 닫았네요. 지도에 영업중인거 확인하고왔다니까 나몰라라 하시고. 그거보고 온사람들 꽤 많았고, 관광차량까지 오던데 개인매장도 아니고 관리똑바로하세요￼주차하기 편해요"
강릉솔향수목원,꼭 한번 와볼만한 곳...
강릉솔향수목원,굿굿굿. 아무도 몰랐으면 좋겠다!
강릉솔향수목원,임시휴업입니다.. ㅠㅠ 홈페이지에도 안내가 안되어있네요
강릉솔향수목원,꼭 다시방문 하고싶네요
강릉솔향수목원,정말 좋아요
강릉솔향수목원,너므나 조은거
강릉솔향수목원,강릉에서 제대로 힐링하고 갑니다.강릉에 살았으면 매주 주말마다 방문했을 것 같습니다.
강릉솔향수목원,이런곳을 무료로 운영하다니 너무 좋아요
강릉솔향수목원,다람쥐님이 너무 귀엽습니다
강릉솔향수목원,조용히 산책하기 너무 좋았습니다.
강릉솔향수목원,조용하고 아름답고 난대식물원까지잘 꾸몄네요
강릉월화거리,그냥 시장이랑 구경하기 좋아요
강릉월화거리,2013년까지만 해도 사진과 같았던 곳.. 그냥 시장이었는데 철길 지하화 하고 천지개벽..
강릉월화거리,관광객의 구매 욕망을 충족 시켜 주는 곳.
강릉월화거리,풍물시장은 지금은 다 철거 되었네요.
강릉월화거리,야시장이 크고 볼만해요
강릉월화거리,"강릉 월화거리는 강릉역에서 부흥마을까지의 철도가 있던 자리에 형성된 거리입니다.월화라는 이름은 남대천 월화정 설화에서 따온 이름입니다.거리를 따라 카페, 선물가게 등이 밀집해 있고, 안쪽으로는 강릉 중앙시장과 성남중앙전통시장이 이어져 있어서 거리를 산책하며 다양한 먹거리와 볼거리를 즐길 수 있는 곳입니다."
강릉월화거리,기차길을 이렇게 산책로로 재탄생시키다니 정말 훌륭해요. 주민과 관광객 모두를 만족시키는 아이디어 칭찬합니다.
강릉월화거리,시장맛집 구경가는 길!
강릉월화거리,"월화거리 야시장을 시작했다길래 가봤는데 서울 밤도깨비 야시장 생각하면 가격 진짜 저렴하고 친절하세요, 강릉 지역 상인분들이 하시는 것 같은데 그래서 그런지 더 양심적으로 하시는 느낌(?)그리고 메뉴가 하나도 겹치는 것 없게 구성되어있어 좋네요, 볼거리가 은근 많아요"
강릉월화거리,생각보다 야시장 메뉴들이 맛있었어요
강릉월화거리,야시장 아니더라도충분히 들를만한 곳이에요!
강릉월화거리,강릉중앙시장 가면 꼭 한번 들어보는것도 괜찮네요~
강릉월화거리,"폐철도를 새로 꾸며 만든 거리라고 하는데, 생각보다 짧고 뭐 볼 것은 없었지만 한적하고 산책하기에 나쁘진 않았어요. 뒤쪽으로 가서 길을 건너면 야시장이 열리는데 여긴 꽤나 복작하긴 하지만 이런 지역 문화는 좋은 것 같습니다.👍"
강릉월화거리,파는메뉴가 다 똑같아서 전을 좋아하는게 아니면 그냥 중앙시장으로 가는게 더 나아요
강릉월화거리,월화거리 야시장 정말 별로에요.먹거리가 즐비하고 다양할거라 생각하며 기대했어요.먹고싶단 생각이 들지도 저렴하지도 않아요판매하는 상인들도 많지 않아요.강릉놀러온 친구들 데리고 땀 흘리며 방문했다가 미안했어요.
강릉월화거리,걷기좋음.
강릉월화거리,"철도를 없애고 남대천 넘어서까지 깔끔하게 공원화중앙시장 옆이라 거리에 카페, 먹거리가 즐비잘만 가꾸면 강릉시에 핫한 명소가 될 듯"
강릉월화거리,포토존
강릉카페거리,사람많고 복잡하고..
강릉카페거리,바람쐬러 가기좋은곳.한산할때 골라서가야함
강릉카페거리,커피 맛집많고 바다가까워 좋고 또 가고싶당
강릉카페거리,툇마루커피는 과하지않고딱 내입맛이더라
강릉카페거리,뷰가 참 좋은 거리
강릉카페거리,강릉하면 들러야할 곳 대신 사람하고 차도많음
강릉카페거리,어느카페든 이쁘고 좋아요
강릉카페거리,프랜차이즈 많음
강릉카페거리,행복한 강릉여행이였습니다 ㅎㅎㅎ 분위기최고~
강릉카페거리,특색 없는 커피집만 드글드글
강릉카페거리,공영 주차장 이용하여 카페도 이용하기 좋고 저녁에 산책하기 너무 좋은 곳 입니다.
강릉카페거리,12월 30일너무 추운것 빼곤 좋았음
강릉카페거리,주차문제만 잘 해결되면 참 좋은곳인데 말이죠
강릉카페거리,시원한 바닷가 중심으로 다양하게 예쁜 카페 모여서주위 배경 아름답고 멋지고 너무 마음 들어요
강릉카페거리,뷰도 좋고 주변에 예쁜카페들 많아요 공영주차장에 무료주차가능
강릉카페거리,굳이  가야할  장점이  ;;;
강릉카페거리,카페에서 바라보는 안목해변이 몹시 아름답습니다.
강릉카페거리,어디를 가더라도 꼭 2층 창가쪽으로 가세요~~
강릉카페거리,바다뷰 전망이 좋아서 강릉에 가면 항상 찾는곳입니다.근데 주말에는 사람이 많아서 주차하기가 너무 어려워요..
강릉카페거리,자동차 무료주차 때문에 길거리 교통 통제가 안 됨
강릉카페거리,예쁜해변에 예쁜카페들이 많아요
강릉카페거리,"장 : 바닷가+카페단 : 주차지옥, 교통지옥, 인파지옥강릉 왔으니 가보긴 해야지라는 생각으로 오면 장점과 단점을 여실히 느낄 수 있음그래도 꼭 추천할 수 밖에 없는 묘한 곳남자들끼리 와서 별로였나 싶기도..."
강릉카페거리,좋아요 ☕️☕️☕️☕️☕️☕️☕️☕️☕️☕️
강릉카페거리,카페 모둠
강릉카페거리,지나다 들렀는데 캎 레오파드라고 있어요 거기서 산원피스가 마음에 듭니다 바다는 한적한 옥계가 좋았어요
강릉카페거리,바닷가 앞커피 한잔
강릉카페거리,커피콩빵사러 종종가요
강릉카페거리,우리나라 1세대 커피의 요람이자 산실그러나 카페 구실을 못하는곳이 너무 많다
강릉카페거리,안목이랑 가까워서 갈 때 마다 들림.
강릉카페거리,정신없어서 다른데갔습니다
강릉카페거리,좋아요
강릉카페거리,"ℹ 안목해변에 있는 다양한 커피를 맛 볼 수 있는 곳.✌ 카페 "" 키크러스 "" "" 보헤미안 "" "" 테라로사 "" "" 산토리니 "" "" 공갈타샤 "" "" 엘빈 "" 등이 유명하다.✌ 커피를 좋아하는 분들은 꼭 한번 가보면 좋을듯.. 주변 흔한 프랜차이즈 커피 전문점과는 다른 맛.( 사진 - 카페거리 전경 )"
강문해변,목숨 걸고 가야하는 곳
강문해변,근처에 먹을거리도 좀 있고 해변가 다 가봤는데 강문해변이 제일 이쁘더라구요 사진 찍을 곳도 많아요
강문해변,예뻐요 포토존 굿굿
강문해변,물놀이 하기 좋아요
강문해변,내 사랑 강문해변.해수욕보다는 바다 멍 때리기 좋은곳.사람 바글바글한 경포에 치이기 싫으신분들 추천.관광객들 많은 초당도 가까움.(물론 이젠 초당동에서 밥먹으면 좀 아쉬움..)그냥 시내 식당들이 가성비도 좋고 맛도 좋고 웨이팅도 적음.무튼 알랍강문♥
강문해변,강문해변은 바다가 진~~짜 파란색인 것 같아요 💙💙💙
강문해변,해질 때쯤 가면 더욱 예뻐요🥰
강문해변,6월 초 아침에 오니 선선하고 바다멍 하기 좋았음. 10시 넘으면서부터 점점 사람 많아짐. 공영주차장 최대 1만원. 하루종일 있을까 생각 중
강문해변,파도가 높고 흐려서 아쉬웠어요 한적합니다
강문해변,산책을 즐기기에 좋아요
강문해변,아름다운 저녁 바다생각 정리에 최고
강문해변,강릉 가면 꼭 가는 해변 ~ ♡
강문해변,폐장한줄 알았는데 아직도 사람 많았어요근데 동해라 그런지 조금만 가도 수심이 140cm여서 사람들이 깊이까지는 잘 안가는 것 같던데 전 들어갔어요ㅎㅎ행복한 하루였습니다
강문해변,경포해수욕장 나들이 좋아요
강문해변,편안했고 잘 쉬었어요.
강문해변,언제나 강원도 바다는 진심이지요~
강문해변,일출명소 포토존
강문해변,근처에서 밥먹고 산책하기 좋아요
강문해변,잔잔한 파도가 좋은 곳.바다 바라보기 좋다
강문해변,쓰레기가 너무 많고요.심지어 담배꽁초가 모래애 묻혀있어요...
강문해변,강릉 강문해변은 임업 사업을 하는 지인을 만난 후 다음날 일출 보러 간 곳입니다. 겨울 강문 해변이 최고입니다.
강문해변,"해수욕장 폐장후에도 남녀노소 할것 없이 사람이 많아요. 그래서 모래사장도 좀 지저분하고, 유리조각도 있어서 위험해요. 공기도 좀 탁한 느낌."
강문해변,그냥 그럼모래사장이 경사가 너무 심함
강문해변,나들이 포토존
강문해변,⭐️1/2…(2014년에 방문)여기…그럭저럭…
강문해변,이쪽이 아래쪽 두 해변보다 바람도 세고 파도도 높고 큰 편이고 모래는 완만한 편이에요. 여기서부터 아래쪽으로 쭉 걸으면 햇빛 등지고 걸을 수 있지만 가을엔 바람이 아래쪽에서 정면으로 불어 와서 그게 좋을 수도 있고 아닐 수도 있네요. 혼자 발 담그고 멍 때리기 좋아요!‘
강문해변,바다가 너무 예뻐요🐚\U0001fabc
강문해변,포토존
강문해변,예뻐요\U0001fa76\U0001fa76\U0001fa76\U0001fa76\U0001fa76\U0001fa76\U0001fa76\U0001fa76\U0001fa76\U0001fa76
강문해변,바람이 엄청 불었지만 바다가 넓고 물이 깨끗해서 좋네요!!
강문해변,바닷가에서 불꽃놀이는 불법인데 대놓고 팔고 있으니 너도나도 하고 있네요
강문해변,2024.3.31. 오후
강문해변,좋아요~!
강문해변,경치가 좋고 주차는 약간 어려움
강문해변,시원하고 뷰좋고 규모도 적당하고 주차장도 가깝고 두루갖춘 해변입니다.
강문해변,바다가 청량해서 너무 좋아요
강문해변,날은 흐렸지만 바다보니 파도 엄청치고 지대로 힐링이네요 가본 바다중에 top3에 듭니다 또 오고싶어요!!
강문해변,아늑하다~
강문해변,경포보다 예쁘던데...
강문해변,사람이 적어 좋다
강문해변,좋아요
강문해변,바다가 맑고 깨끗합니다~
강문해변,수평선이 장관인 해변
강문해변,좋아요 위험해해요
강문해변,강문해변 너무 좋쥬
강문해변,강이 흐르는 문
강문해변,사진찍을곳이많네요!
강문해변,1. 아이와 함께 좋아합니다.2. 해변이 넓어요
강문해변,Beach
강문해변,금요일에 갔는데 사람도 여름철 치고는 그렇게 많지 않고 풍경이 예뻐요!
강문해변,풍경도 좋고 바다도 이쁘고 포토존도 있구 굿
강문해변,아니바다가 지네건가 돋자리 못펴게하고 음식도 맛없고 엄청 비싸고 놀이기구 가평에서 3만원에 하루종일 노는거 한번타는데 5만 ㅋㅋ 미친배짱장사
강문해변,굿
강문해변,바다색은 이쁘지만 모래침식이 심해요
강문해변,해변이 예뻐요 사진도 잘 나오고!
강문해변,"멋지구먼,,"
강문해변,이쁘고 수영하기 좋네요 파도타기
강문해변,겨울바다의 시원한 풍경을 잘 보았네요.
강문해변,"안목, 강문, 경포 갔는데 강문이 제일 예뻤음♡경포 : 물놀이하는 가족 단위가 많음안목 : 물놀이하는 사람 반, 사진 찍는 사람 반푸른 색의 바다, 카페거리로 주변에 카페가 많음모래가 건조하고 잘 털림강문 : 물놀이 반 사진 반맑은 에메랄드 빛 바다, 주변에 횟집이 많음모래가 좀 더 촉촉하고 잘 안 털림"
강문해변,주차도편하고 커피집은 좀비싸지만 인생사진찍는용도면 낫베드.
강문해변,넘 예뻐요 깔끔하고
강문해변,물이 맑고좋아요
강문해변,풍경이 좋은 바다
강문해변,주차장은 협소하여 성수기에는 주차를 못할가능성이 큼작년에도 강릉과 속초에서 물놀이를 했는데 가본곳중에 가장 고요한 바다였다 경포대랑 속초해변은 파도가 너무 질랄이라 물 다먹었는데 강문해변은 수심도 낮은편이고 훅훅 깊어지는부분도 없다 !! 작년에 물에 누워 둥둥떠다니는건 파도때문에 상상도 못햇는데 이번에는 몇시간을 둥둥떠다닌듯 👍 샤워장도 작지만 뜨거운물 개잘나옴
강문해변,맑은 하늘과 바다 보면서 힐링하기 너무 좋아요
강문해변,해변에 아기자기 구조물들이 사진 찍기 좋은 해변.
강문해변,"파라솔 대여하고 놀고 있었는데 5시쯤에 와서 대여 5시반까지라고 얘기해서 알겠다고 했는데, 짐 놔두고 바닷가 잠깐 다녀온 사이 아무도 없을 때 파라솔도 접고 바닥에 까는거 가져가 버리네요.근데 시간보니 5시 9분…이럴거면 5시 까지라고 하던지 아니면 먼저 가져가야 된다고 사람 있을 때 얘기를 하던지 해야지 기분 나쁘네요."
강문해변,비교적 사람이 적고 바다도 깨끗하고 좋아요파도는 아쉬웠어요 큰 파도가 없더라규요그리고 은근 깊어요! 발이 푹푹 패여서 까딱하다가는 머리끝까지 물에 잠기기도 합니다폐장했다고 되어있었는데 물놀이 하는 사람들이 많았어요 가드도 안전요원도 없어서 위험할 수 있을거같아요그리고 불꽃놀이 하는 분들이 많아요 서툰분들은 해변끝에서 하시는데 밤바다에 앉아있다가 머리위로 불꽃이 떨어졌습니다 너무 화가났어요 제지가 필요해보여요
강문해변,조용하고 쾌적하고 주차도 유료라 널널하구 좋아요
강문해변,경치좋고 맑고 깨끗한  푸른바다  마음설렛어요.
강문해변,갈때마다 여기가 현실인가 cg인가 헷갈리는풍경을 보여주는 바다. 강문은 뭔가 특별하다.
강문해변,ㄱㅍㄱ
강문해변,"깔끔하게 관리되어 있음 공중화장실도 야외치고 나름 ㄱㅊ물비린내가 덜하고, 딱 해변앞에 관광지처럼되어있음."
강문해변,주차는 공영주차장에!+2022.05.10.바다는 사랑입니다
강문해변,넘예뻐요...ㅠㅠ 날씨도 좋고ㅠㅠㅠ♥
강문해변,자율파라솔 존에 사람 많고 대여파라솔도 만원밖에 안함.주차장도 운좋으면 해변가당첨이지만 근처 제2주차장도 가까움. 주차 3시간 무료인거같음
강문해변,https://blog.naver.com/kdsdb/222940010887
강문해변,겨울 파도가 어마무시! 공영주차장 이용하고 가면 됨. 조타 조아
강문해변,"멋진 일출을 선물해준 강문해변.. 긴 백사장, 고운모래, 시원한 소나무숲… 뭐하나 빠짐없이 완벽한날~ 바다는 늘 좋다! 좋은기억의 강문, 그리고 세인트존스~"
강문해변,강문해변에 먹는 곳이  많이 생기기 전평일에도 주차공간이  없는  4년전까지가  좋았다.안목처럼  해변이 아니라  도심처럼  빠르게  변해 버렸다.
강문해변,강릉여행 중 첫바다! 겨울 바다 진짜 어마무시하네요 !! 여행 중 2번이나 방문했어요ㅎㅅㅎ 파도가 너무 센데 앞에서 보고 싶기는 하고 우산으로 가리고 앞으로 가다가 다 젖었습니다 ㅠㅋㅋㅋㅋㅋㅋㅋㅋ 어이없고 웃겼어요 발 진짜 시렸는데. 이런 상황에 웃을 수 있는 저라서 좋네요 추억 잔뜩 안고 갑니다~~~~ ᷇ᵕ ᷆ ㅋㅋㅋㅋ
강문해변,풍경 좋아요 물 맑고 먹을거 많고~~~
강문해변,조용해서 좋네요.
경포대,굿굿
경포대,밤에 뷰가 좋아요 👍 👍 👍 👍 👍 👍 🚲 자전거 타고 가면 좋은 데이트 코스 ㅋㅋㅋ
경포대,좋아요
경포대,경포대 해수욕장은 알아도 강릉 경포대는 모른다 ㅋ
경포대,ㅇㅅㅇ..
경포대,엄청시원함.  한여름 낮에 낮잠자기 아주 좋아요.
경포대,강릉여행동안~ 매일 옴 너무 좋아요!
경포대,부숴진곳 보수좀 해놓으면 더 좋을듯
경포대,ℹ 강원도 유형문화재 제6호로 지정.✌ 강원도 경포대가 경포해변 주변이라고 알고 있었던 일 인. 경포호 한 쪽 구석에 있는 정자가 경포대라는걸 이제 알았다.( 사진 - 경포대 전경 )
경포대,정자 위에 올라가면 시원한 바람이 불어와서 계속 앉아있고 싶을 정도
경포대,"강릉가면 가끔 들렷다 쉬는곳인데, 이번에는 문화유산 방문코스에 포함되어 다시 방문 했지만 도장은 받지 못하고 왔어요~  혹시 저와 유사한이유로 가신다면 늦어도 4시 55분까진 도착해서 문화해설자님 계신곳에서 도장 먼저 받으세요~  우리는  5시까지인지 모르고 6시까지 가면 받을수있다 생각하고 갔는데 광동풍류의 길중 경포대만 못찍은 아쉬움이 있었어요ㅠㅠ"
경포대,거지같은 강원도의 한해장사 방비가 30만원부터 50까지 암만봐도 강원도는 진짜 아닌거같다
경포대,Cool Breeze
경포대,덩그러니 하나 있지만 햇살이 좋음
경포대,경포호를 바라보는 곳
경포대,관광지는 점수 좀 후하게 줘야지..음식점에 대한 평가가 넘 박해서 그렇지. 뭐 지극히 내 갠적인평이니.
경포대,초여름 시원한 바람을 맞으면서 느긋하게 잘 쉬어 갑니다.
경포대,생각보다 많이 볼건 없다...
경포대,20170116
경포대,용평에 가족나들이 간 김에 바다보러 경포대 갔는데 역쉬 실망시키지 않는 동해바다였다.거센 바람과 또 그 바람에 장단 맞춰 춤추는 바다.. 황홀한 하루였다~
경포대,"학창시절의 추억. 형중, 하명, 지식, 신원"
경포대,경포대는... 정말 잘생겼다.
경포대,정말 이쁩니당..! 기분이 한결 좋아졌어요!
경포대,아이가 놀기에는 파도가 강합니다해변에 수영장 설치되어있어 좋았어요주차시설이 여전히 협소합니다
경포대,강릉 오면 한번쯤 꼭 가볼만한 곳.  호수 전체가 보이는 뷰포인트.  정자도 옛스럽고 너무 좋다.
경포대,문화유산 방문코스 최고에요 꼭다시 가고푼  장소입니다수학여행 그때는몰랐죠 신흥사가 설악산안에 있다는걸 요즘 입장료무료대신 주차료있어요
경포대,5월 중순까지 조명공사한다고 경포대 진입 막혀있음. 주변이랑 충혼탑만 둘러볼 수 있음.
경포대,깔끔하게  변한 곳 ...
경포대,무료이고 멋있어요좋아요
경포대,바닷공기 좋구 너무좋아요
경포대,과거를 엮는 역사와 경치ᆢ 그리고 바람
경포대,풍광이 좋고 너무 시원한곳이네요~^^담에도 꼭 가고싶네요
경포대,그냥 호수둘레길 걸으면서 방문하기 조아요~별건없긴함 ㅎ
경포대,굿
경포대,경치가 좋고 들어가서 쉴 수가 있다. 옛 선조들의 느긋함을 느낄 수 있는 멋진 곳. 경포호가 한눈에 보인다.
경포대,물이 너무 더러움.... 건더기들이 너무 둥둥 떠다님
경포대,너무 더웠는데 선풍기 튼 것 처럼 시원해요
경포대,"꼭가보세요. 풍경과 시원한 바람, 신발벗고 들어가 밟는 마룻바닥 넘 좋아요. 제발 낙서는 하지마시구요."
경포대,경포해변에서 걸어서 오시면 딱 좋습니다!! 강력추천! 풍부한볼거리! 풍경이 잘난아니네요
경포대,강릉 경포대관동팔경 중 하나로자연을 음미하며 마음을 수양했던 장소경포호의 풍경이 멋지다...국가문화유산(보물)국가유산청 국가유산포털(www.heritage.go.kr)
경포대,한번쯤 가볼만해요. 가방 다 메고 걸어가느라 힘들어요..
경포대,경포호 전체를 감상하기에 좋은 곳입니다. 잠깐 들렀다 사진찍고 가기 좋아요.
경포대,관동팔경중 제 1경이라고 관동별곡이나 온갖 고전문학에 등장 하는데 지금의 관점으로 봤을때 그정도까지는 아닌거같구요 근처에서 숙박하시는 분들이면 일정 끝내고 저녁에 산책하기 좋습니다. 관동별곡에서 경포대에서 술을마시면 다섯개의 달이 뜬다고 해서 올라가봤는데 가서 보니 네개밖에 볼수 없더라구요.
경포대,벚꽃명소 나들이
경포대,솔직히 경포대 근처 둘레길 끝이고 딱히 볼 건 없는데 경치+자연바람 죽여줍니다!! 한 번쯤 들를만한 곳이에요.
경포대,경포대 말로만 듣고실제로 가보니 탁트힌 뷰가 좋다
경포대,물이 좀 더럽지만 산책하기 좋은곳
경포대,아가랑 오기 좋아요 조용해서
경포대,풍경이 너무 멋져요 바람이 잘 통해서 여름에 가면 시원할 거 같아요 근데 겨울엔 진짜 추워요ㅋㅋㅋㅋ
경포도립공원,무료 주차장도 많고 풍경도 좋음.
경포도립공원,말이필요없는 강릉 최고의 관광지. 모텔 횟집이런것만 많고 맥주 같은거 마실수 있는곳이 잘 없다는게 단점.
경포도립공원,죽기 전에 한번쯤은 가봐야 하는 아름다운 곳. 비 올 때 특히 아름답다. 바다도 장관.
경포도립공원,죽기 전에 꼭 가보셈
경포도립공원,넘조아요오
경포해수욕장,"매번 강릉 방문할 때마다 들리는 곳인데 다시 봐도 너무 좋습니다.버스킹도 재미있고, 여기저기 폭죽이 터져서 내돈 안내고도 불꽃놀이 실컷 볼 수 있습니다.중앙광장 바닥에 별자리가 있어서 자신의 별자리를 찾아보는 재미도 있었습니다. 그런데 주말에는 새벽 4시까지 시끄러운건 아쉽습니다."
경포해수욕장,일출명소 포토존 물놀이
경포해수욕장,마차타고 보트타고 해변 산책로도 좋고 가끔오고 싶은곳
경포해수욕장,파도 많이치는 여름날 파라솔 빌려 앉아만 있어도 시트콤이다
경포해수욕장,넓고 좋음
경포해수욕장,경포해수욕장은 너무 유명한 곳이라서... ㅎㅎ
경포해수욕장,내 고향
경포해수욕장,해일주의보 때매 못 들어갔어요 흑흑흑
경포해수욕장,테라솔이 없어도 좋다 소나무그늘에 돗자리만 잘챙기면됨
경포해수욕장,22년 8월 기준 튜브대여 오천원 파라솔대여 만원 물놀이하기 너무 좋아요 물도 깨끗하고요 햇볕이 강하기 때문에 선크림은 필수예요!
경포해수욕장,경포대 참좋은데 안간지도 오래됐네안 가본사이 많이 바꼈겠지
경포해수욕장,강릉 첫방문에 경포대 해수욕장과 경포호 방문은강릉과 사랑에 빠지기에 충분한 경험이었다....❤️- 제주바다가 최고인줄만 알았던 우물 안 개구리
경포해수욕장,파도소리
경포해수욕장,"ℹ 강원도 강릉시에 있는 가장 유명한 동해안 최대의 해변.✌ 6km의 백사장이 펼쳐져 있고, 주변에는 먹거리와 볼거리가 많다.( 사진 - 노래자랑 축제 & 주변 전경 )"
경포해수욕장,동해바다하면 경포대
경포해수욕장,경포해변에서 스태프티셔츠 입은 남성 두명 담배 연기 날라와서 기분 잡쳤네요. 경포해변은 엄연히 금연구역입니다!
경포해수욕장,가보고싶어요
경포해수욕장,건더기가 너무 많아요 물이 좀 더러움
경포해수욕장,수상휠체어 신청해서 체험할 수 있는 해수욕장입니다. 데크가 깔린 진입로는 모래사장 안쪽까진 안 이어지니 참고하세요. 장애인 전용 주차장도 있는데 바닥 표시는 다 안 되어 있어서 차들이 좀 뒤죽박죽 세워진 느낌입니다.
경포해수욕장,여름엔 바다가 옆에서 돋자리도 못펴게 함 바다가 지네건가?다시는 가보고싶은생각없음 .먹는데도 집부근에서 5만짜리 10만이고 맛도 없음
경포해수욕장,아름다운 바다 굿
경포해수욕장,강릉 바다는 예쁘네요
경포해수욕장,좋아요~ 해변도 좋고 물도 맑고 바로 앞에 근처에 소방서와 경찰서도 있고 호수도 있고 ~
경포해수욕장,물도 깨끗하고 넘 좋았다세이프 가드들이 빡세게 지키고 있음그래서언제 들어갈 수 있나 입맛 다시며30분 정도 바다를 눈 앞에 두고 모래성이나 만들고 있었다 ㅠ
경포해수욕장,강문해변에서 경포해변 걸어왔어용 ㅎㅎ 둘다 너무 좋아요... 또 오고싶어요..ㅠ 옷따듯하게 입고가세요!!
경포해수욕장,나들이
경포해수욕장,경포대 바다맛집 윤슬맛집 ~~~ 행보케 예쁜 윤슬 보러 오세요 💙
경포해수욕장,파도소리만으로도 힐링되는곳이에요.아이와 함께 하기도좋고 한없이 펼쳐진 백사장과 탁트인 바다를 보고만있어도 힐링되는곳 주위에 편의시설도 많고 주차도 편리함
경포해수욕장,경포 해수욕장 뷰 너무예뻐요^^
경포해수욕장,To see. Nice beach !
경포해수욕장,해변 오른쪽 끝에 선베드와 파라솔을 2만원에 빌려서 시간을 보냈고 그늘에서 누워있으니 천국이 따로없다 운이 좋았는지 노을질때 분홍빛 하늘을 봤음 갈매기랑 등대때문에 운치있음
경포해수욕장,친구단위로 휴가 분위기 내고싶으면 경포대가 제일 낫네요 횟집이나 주변에 포차가 곳곳에 많아요
경포해수욕장,비 안 와서 너무 좋았어요!
경포해수욕장,비오는 날 모래사장을 걸었더니 운치있고 너무 좋아요
경포해수욕장,주차장이 편리하고걷기 좋은 데크가 잘 되어 있음
경포해수욕장,아주 깨끗한 바닷물!
경포해수욕장,조용하고 좋음
경포해수욕장,너무 좋았음
경포해수욕장,겨울과 봄의 사이.한적하고 조용한 경포해변.
경포해수욕장,"자연은 별5, 사람들 기본질서는 별0,이렇게 좋은 해변에 담배꽁초, 다 쓴 불꽃 폭죽, 각종 쓰레기 아름다운 모래사장에 그대로 버리고..곳곳에 쓰레기 봉투 설치되어 있던데 부끄럽습니다. 편의점, 주위 슈퍼등 불꽃 폭죽 못팔게 해주세요."
경포해수욕장,강원도에 해변가 많음
경포해수욕장,강릉의 대표해변.해안가 꽤 넓고 물 맑으며 모래가 곱다.주변에 경포호와 많은 숙박시설이 있어 관광지로 최적!
경포해수욕장,해 지기 전에 가세요
경포해수욕장,"다음에 꼭 다시오고 싶다.정말 재밌었음.사람없을 요시기에 오면 더 좋을것같다.자외선 강하지않고, 물도 차지 않고, 깊이도 배에서 가슴정도 딱 적당하고, 파도도 적당히 쳐서 놀기 너무 좋았다!"
경포해수욕장,강릉 바다는 언제봐도 아름답네요.
경포해수욕장,바다 정말 깨끗하고 좋았습니다. 느린 우체통도 있어 추억으로 우편쓰기에도 괜찮은거 같아요. 봄에 가서 사람이 적당히 있었는데 차가 많아서 주차가 조금 힘든거 같아요.
경포해수욕장,추억이 있어 다시 가봐도 또 다른 추억를 쌓게 되는 곳. 짱임. ㅋㅋ
경포해수욕장,여름에 오고 싶다~~~~
경포해수욕장,멋있기는 하네요파도에 조개가 쓸려와서 잡은 뒤 집에 가서 먹었어요(맛있네요)
경포해수욕장,너무나도 유명한 대한민국의 대표 해수욕장그만큼 라이프가드들의 통제가 빡빡하긴합니다오랜만에 방문했는데 물은 그대로 괜찮네요 ㅎㅎ예전에비해 상점가도 많아지고 호텔도 많아지고..딱 하나 단점은 여기오는 급식이나 20대초중반애들이 개념이 워낙없다보니 밤에 불꽃놀이하고 쓰레기를 치우고가질않습니다중국욕할때가 아닌것 같네요 개념이없는 시민들이 넘칩니다.
경포해수욕장,굳..
경포해수욕장,해파리 너무 많음 4명에서 갔는데 4명 다 쏘임 ㅠ 진짜 따갑
경포해수욕장,넘 좋았습니다 ㅎㅎ
경포해수욕장,뷰가 사기다. 노을 질 때쯤 6~7시 가면 너무 좋음!
경포해수욕장,파도만 보고있어도 힐링되네여
경포해수욕장,그냥 파도 개 쎔 개재밌음 잘못하면 물에 빠짐 근데 개스릴있음 파도풀 독한맛 파도가 그냥 계속 옴
경포해수욕장,강릉 로컬분들은 학을 뗀다는 경포해수욕장… 뜨내기들 상대로 한철 장사 하는 것들이라 맛없고 비싸기만 함.. 편의점 라면 보다 못한 식당 수두룩함
경포해수욕장,포토존
경포해수욕장,새벽 3시 20분 되니 화장실 다녀온 사이에 말도 없이 청소 시간이라고 싹 치워버리더라구요. 손선풍기 2개랑 겉 옷 잃어버렸어요. 귀중품 두고 다녀왔으면 큰 일 날 뻔 했습니다. 당황해서 치우는 분께 물어보니 난 모른다 딱 잘라 말 하시네요? 사전에 어디에라도 써붙이든 방송으로 알려주든 조치를 취해주세요. 기분 안 좋아요.
경포해수욕장,열 여섯. 나의 첫 바다.
경포해수욕장,파라솔이랑 튜브 하나 해서 15000원 샤워실 2천원 들었어요 파라솔하니 돗자리도 주시네요밤에는 불꽃놀이 한다고 화약이 무슨 구름마냥 ㅋㅋ사람은 많은 편이었구 오전에 오시는 걸 추천해용 그리고 물 엄청 차가운데 흐린날 갔더니 해가 없어서 춥더라구요 큰 비치타올 챙겨가시구 샤워실도 용품을 팔긴합니당 참고로 샤워실 여럿이 같이 들어가서 쓰는곳이구 찬물만 나와요 ㅎㅎ
경포해수욕장,뒤에 호수도 있어서 놀거 많아요
경포해수욕장,19.02.02~03 다녀감19.08.01~02 다녀감23.01.19~21 다녀감
경포해수욕장,바다 완전 깨끗
경포해수욕장,괜히 경포가 유명한게 아닌가봐요
경포해수욕장,여행 내내 날씨가 흐리고 눈에 비에 난리였어서 정말 일출은 기대도 안했는데.. 마지막 날 한줄기 빛과 같이 일출을 볼 수 있었습니다.. 진짜 감사한 날이었어요 !! 날 좋을 때는 얼마나 더 좋으려고 이렇게 흐린날에도 좋은가 싶습니다. 경포해변에서 일출 짱이에요 !!!! 진짜 또 가고 싶어요 강릉앓이 중 ㅠ🧡
경포해수욕장,경포대 해수욕장 가면서 사진 한컷
경포해수욕장,시원하고 좋습니다
경포해수욕장,"경치가 정말 예뻐요.바다만 바라봐도 시간이 금방가네요,등대가 그림 같아서 사진 자주 찍어요.경포해수욕장은 절경이예요"
경포해수욕장,일출명소
경포해수욕장,일출 보면서 마시는 커피 한잔이 끝내줍니다
경포해수욕장,암때나 가도 좋은곳
경포해수욕장,"물놀이하게 좋게 되어있고 물품 보관소(18리터 캐리어가 들어갈만한), 샤워실(일회용 샴푸,바디워시 있고 온수 안나옴) 있음 여름이라서 해변에 해파리 떠다님"
경포해수욕장,바다 너무 조아
경포해수욕장,사람 적고 한적해서 너무 좋음. 해변 앞에 소나무길도 예쁘고 일출 직접 가서 보진 못했지만 예쁨 근데 바다색 자체는 강문해변이 더 예쁨 ㅎ
경포해수욕장,보트 6인승 오만원~~ 한명이 타든 세명이 타든 오마넌~~
경포해수욕장,해변은 좋으나 주차장 음식점 불법점유로 상당히 불쾌하고 주차공간이 없어 엄청 불편함. 적당히들 하자 정말..
경포해수욕장,강문 해변이 좀 더 예뻐요~ 아직은 밤엔 많이 춥네요...
경포해수욕장,언제가도 좋은곳 부담없이 갈수 있는 곳
경포해수욕장,one of the most beautiful beach in Korea.pretty much touristic and lots of convenient facilities are around.can join lots of festivals as well.포토존 물놀이 일출명소
경포해수욕장,사람 너무 많고 시끄럽지만 그만큼 시설 잘 되어있고 주변 카페도 많고 풍경도 좋아요 강문해변도 가까워서 다니기 좋아요
경포해수욕장,굿! 좋은 관광명소입니다. 또 가고 싶은 1곳
경포해수욕장,(2023.0603.-04. 방문) 북적북적 거리는 해변. 저녁엔 버스킹과 폭죽놀이로 가득. 일출보기 참 좋은 장소.
경포해수욕장,일출명소
경포해수욕장,사람이 많긴 하지만 탁트인 해안선이 쭉 보이고 바다도 넘 예쁜곳
경포해수욕장,파도도 세고 바위가 멋짐가까이서 수영하면 그리 위험하진 않음
경포해수욕장,여기서 온 후에 게스트 하우스에 돌아가고 싶지 않았는데요.
경포해수욕장,너무 좋았는데 불이 나서 아쉽네요~빠른 복구 바랍니다~
경포해수욕장,바다는 언제봐도 좋아요 !!
경포호,그냥 시원하고 여기서 지전거 타면 개힐링됨 ㅋㅋ
경포호,산책하기 너무좋아요
경포호,일몰이 절경입니다
경포호,관리가 잘되어있어 깨끗하고 풍경이 정말 아름다워요! 걷거나 자전거타기 너무 좋습니다.
경포호,산책+운동 하기 좋아요
경포호,.
경포호,저녁 맛있게 먹기 위해서 소화시킬겸 둘러봄.자전거 대여해서 한바퀴 돌았는데 넘 힘차게 돌았더니 1시간도 채 안되서 다 돌아 버렸다... 다리 건너서는 여유있게 멈춰서 구경하고 돌아오면 좋을 듯 하다
경포호,여기가 이렇게 예쁜 곳인지 몰랐어요. 날씨 좋을 때 꼭 꼭 가보세요. 걷기 좋아요
경포호,강릉여행 중 최고로 맘에 든 곳이에요전기자전거 빌렸는데 일반자전거 탈 걸 그랬어요 풍경이 이뻐서 조금 더 천천히 둘러보고 싶어요
경포호,생각보다 넓습니다
경포호,자전거 타기 재밌어요~ 한바퀴 돌면서 구경하고 쉬고 사진 찍고 힐링타임!
경포호,"내 마음은 호수, 자전거로 한 바퀴."
경포호,탁트인 뷰가 보기 좋은 산책로
경포호,"ℹ 산책하기 정말 좋은 곳.✌ 주변에 경포대, 경포해변, 에디슨 박물관 등 관광지와 이 지역의 명물이 된 골든튤립 스카이베이호텔이 있다.( 사진 - 골든튤립 스카이베이호텔 전경 & 경포호 전경 & 보고 또 보고 소나무 )"
경포호,24년 3월 31일혹시나 하고 벚꽃보러 갔는데아직 피질 않았네요 ㅠㅠ한 3일정도 후면 피기 시작할 것 같습니다.벚꽃이 없어도 충분히 좋았습니다
경포호,정말 예쁘고 좋음.
경포호,아주 넓은 호수밤에 보면 운치있음
경포호,경포호는 봄여름가을겨울 언제가도 항상 예뻐요 🧡 강릉 조아해서 매달 가는 저에게 아직도 불변의 최애 장소! 한적하고 윤슬도 예쁘고 오리도 귀엽고 정말 좋은 산책로에요 :)
경포호,좀 지저분..
경포호,말이 필요 없는 여행지이자 벛꽃 명소.사진은 4월 9일경 찍었었는데 올해는 워낙 찬 동풍이 계속 들어 꽤 늦은 개화를 보였고 그나마 바다 가까운 나무들은 그 때도 덜핀 상태(...실화인가).그래도 내륙쪽은 참 탐스럽게도 폈었음.
경포호,한바퀴 도는데 빠른걸음으로 딱 1시간쯤 걸림
경포호,산책로를 정말 잘 꾸며놨다호수를 보며 호젓하게 걷기 좋고 시원한 바람은 보너스
경포호,힐링 그자체
경포호,자전거나 모터바이크 같은 거 빌려서 한바퀴 쭉 도는 코스 추천합니다근처에 경포가시연습지도 있는데 자전거 잠깐 대서 구경하면 돼요자전거로 파워 운동하고 근처에서 막국수 먹고 아쿠아리움/아르떼 뮤지엄 방문하면 딱임
경포호,(2023.08.13 방문) 아침에 러닝하기 위해 방문했어요. 경포호 산책길을 따라 한바퀴 뛰니 참 좋네요. 조금만 옆으로 가면 생태공원도 있고 송림도 있네요. 잘 정돈되어 있어 뛰기 좋았어요!!
경포호,한바퀴 빙 둘러보기에 좋은데 약간 허전한 감이 있다
경포호,산책하기 딱 좋은 곳
경포호,그늘이 거의 없어서 한여름 대낮에는 다니기 힘들다.
경포호,새가 많아서 좋아요 나비도 있어요
경포호,한바퀴도는데 얼마나 걸리나  삼성헬쓰로 걸어봤어요. 제가 걸은 날 석양이 참 예뻤어요.
경포호,산책로
경포호,냄새가 좀..... 좋지는 않더라구요... 그래도 경치는 좋아요 ㅎㅎ
경포호,물이 넘칠 것 같이 찰박찰박해서 신기하고 산책하기 정말 좋아요!
경포호,존예. 산책하기 좋음보고만있어도 평온관리도 잘되있는편
경포호,경포호 오시면 꼭 전기 자전거를 타세요
경포호,강릉만의 자연이 만들어낸 절경
경포호,볼게 너무 없어요. 굳이 여행중에 들릴 곳은 아닌거 같습니다. 바로옆 경포해변은 날 좋은 날 가니 바다색이 예뻤습니다.
경포호,아름다운 경포호!!! 👍
경포호,자전거 타고 한바퀴 돌면 최고
국립대관령자연휴양림,화장실에 하수구냄새 올라오는거 빼고 다좋음
국립대관령자연휴양림,카맵 사진둘러보니 경치좋고 이것저것있어서 보여서 왔는데 ...아쉽게도 그냥 등산로입구입니다.산좋아하는 등산객들이 찾는곳이라 애들어른대리고 오는 그런 산책하는 휴양림이 아니라고 매표소안내분이 그러시네요.저처럼 차돌려나오눈차량이 제뒤로 4대연속나왔어요아마도 저처럼 산책하는 휴양림이나 식물원같은걸로 착각하고 오는분들많나봅니다.
국립대관령자연휴양림,매표소 불친절바람바람바람
국립대관령자연휴양림,남직원분 친절하십니다~
국립대관령자연휴양림,잘 쉬다 갑니다 소나무 숲과 계곡이 멋져요등산로 몇몇 표지판은 하얗게 빛바래고 보이지 않는데 재정비가 필요해 보이네요
국립대관령자연휴양림,비가 와서 미리 2시 30분이 안되어 관리소에 갔는데 열쇠를 안주고 체크인만 하고 3시에 다시 오라함. 숙소에 가보니 주변에 청소하시는 분들 없고 청소상태가 끝난 상태였고 소나기가 쏟아져 다시 휴양림관리소에 2시 50분에 가니 청소가 다 끝났다는 연락을 못받아 열쇠를 못주었다고. 청소가 끝났으면 기상상태 봐서 융통성이 필요한 시설임.
국립대관령자연휴양림,숲속의집은 웃풍이 조금 있다. 연립동이 조금 더 따듯.
국립대관령자연휴양림,코로나시기에 산책로나 등산로에마스크도 안쓰고 다니는 사람이 80프로...서로 교행할때는 최소한 마스크 써줘야하지 않나?옆사람 지나가는데 마스크도 안쓰고 떠들고 다녀..ㅠㅠㅠ 무식이 하늘을 찌른다.
국립대관령자연휴양림,자연의  소리만 들어서 넘 좋았어요.   나만
국립대관령자연휴양림,휴양림 주변 산책하기에 좋은 곳입니다
국립대관령자연휴양림,"입구로 올라가는 길이 아무래도 산 속이다보니 경사도 좀 있고 커브길도 많았지만 올라가는 순간 입장료가 아깝지 않았어요. 성인2인 기준 입장료 인당 1000원에 주차비가 3천원이었는데, 관리해주시는 분이 안내책자 주시면서 위치설명 및 루트 설명과 소모시간을 알려주셨어요. 주차장으로 더 올라와서 차에서 내리니 그 산공기가 확 느껴지는 게 너무 좋더라고요. 화장실도 굉장히 깨끗해서 야영장과 병행해서 사용하는 곳이라곤 생각되지 않았습니다. 산책하려 하니 야영장 추가공사하는 쪽 담당하시는 분께서, 이쪽 길은 좀 미끄러워서 넘어질 수 있으니 저쪽 루트로 가라고 알려주신 덕분에 남편과 즐겁게 산책하고 왔습니다."
국립대관령자연휴양림,산책로
국립대관령자연휴양림,대통령쉼터 옆 전망대에가면 강릉시내 전망이보여요 ㅡ소나무숲 향기와 자태가 멋지고 새소리 맑은 계곡물소리 청설모 구경 등 너무 가공되지않아 좋았어요~*
국립대관령자연휴양림,깨끗함이 아주 좋아요
국립대관령자연휴양림,매표소 상당히 불친절!사유지인가요?화장실좀쓰자니까 문전박대!정말 어디다 신고해야되는지....얼마나 급하면좀 매표소화장실좀쓰자고했겠어요..이건 국립이아니야...사유지로 알겠음!
국립대관령자연휴양림,아름다운 경치는 기본.  새들의 노래와 계곡물이 흐르는 소리와 노송들의 향기는 자연 치유제입니다.
국립대관령자연휴양림,힐링의 끝!!! 강추합니다.또 가고싶네요
국립대관령자연휴양림,"인기 많아 예약 힘든데 운 좋게 연립동 예약.다녔던 휴양림 중 숙소가 제일 깨끗함.관리하시는 분들도 친절.좋은 공기, 새소리, 꽃과 나무들.등산로는 많은데 노약자를 위한 산책로는 아쉬움.휴양림이 넓으니 미리 동선 파악하셔서 알차게 이용하시기를 추천."
금진해변,모래도 아주 곱고 경치도 좋고 파도도 좋습니다.너무너무 깨끗하고 아름다운 해변입니다.사계절 다 좋은 바다예요.주차장도 무료이고요.방문하시는 분들 계속해서 깨끗하게 사용하시면 좋겠어요.
금진해변,서핑과피서 해송군락가 어루러저 가족 휴양지로 최적지  .........
금진해변,동해 많이 갔지만 그중에서도 파도가 엄청 좋은 곳. 사람도 없는 한적한 해변이라 더 좋다.
금진해변,한적하고 느낌이 소박함
금진해변,"작지만 이쁜 해변. 서핑을 즐기는 사람에게 참 좋은 곳. 망상해수욕장에서 치킨, 음료수 사가서 먹으면 꿀맛. 어두워지면 모기가 기승을 부리니 꼭 모기기피제를 준비하자."
금진해변,정동진 해변보다 훨씬 예쁩니다😍😍
금진해변,"서퍼분들의 명소인가봐요.서핑 동호회 분들도 많고, 서핑을 즐기고 계세요.9월에도 수영합니다."
금진해변,"바닷물도 정말 깨끗하고, 사람이 적은 편이라 조용해 좋아요!"
금진해변,조용하고 한적한 곳...♥️
금진해변,5년안에 사람 바글바글 할듯..!
금진해변,진짜 아끼는 곳.. 여긴 제발 유명해지지 말자
금진해변,해변이 깔끔하고 좋네요.근데 보트가 너무 사람들가까이다녀서 신고마렵네여
남항진해변,파도 대박
남항진해변,안묵보다 많이 알려져 있지않아서 여유있는 주차장과 쉼을 즐길 수 있다.남항진해변에 주차하고  솔바람 다리위에 올라가면 바다 한가운데 서서 바다를 볼 수 있다.
남항진해변,해수욕장도아니고 딱히 볼게 없는곳
남항진해변,남항진은 처음 알았는데 사람도 없고 너무 예쁘네요
남항진해변,타지역대비 조용하고 주차편리해서 좋네요
남항진해변,안목이 문제냐 .남한진이 문제냐  니들싸웠냐?  다리좀 놔달라해라  언제까지 돌아처다닐래?
남항진해변,"바닷가 근처에 카페, 막국수집, 공방, 아라나비 (짚라인)체험 등 볼거리, 먹거리, 체험할거 나름 있어서 쉬기좋아요"
남항진해변,아라나비도 타고 좋았어요
남항진해변,"그냥, 보통이에요. 아무것도 하지 않았어요"
남항진해변,바다뷰 좋고 멋진 일출도 감상하실 수 있습니다.
노추산모정탑,인간의 정성의한계를 보는 모정탑을본다.
노추산모정탑,"저기에 제 생년월일이 적힌 돌탑이 여럿 있습니다저희 외할머니께서는 예전 신일정밀 공장이 있던 논밭에 덩그러니 집 두 채 있던 마을에서,옆집 할머니와 의지하며 지내셨죠아무도 모르는 저희 가정사를 살펴주던 그 할머니는 무당이셨습니다외할머니는 그 할머니와 함께 그 산에 들어가 사셨고,현재 타인에게 공개된 그 집 두세배 되는 크기의 공간이 바로 옆에 있었으며가스레인지로 물을 데워 저희 이모들과 어머니께 커피를 타주셨습니다외할머니도 같이 계시면서 본인 6자매와 손녀 손자들의 탑을 쌓으며 기도하셨습니다아픈손가락인 자녀일수록 탑이 더 많더군요그런데 왜곡된 사실은, 저희 외할머니와 함께 들어가신 이 모정탑의 주인공이신 할머니께서는 아들을 잃으신 적이 없습니다그때 신문기사를 보며 기자가 신문을 잘못 썼다며 혀를 끌끌 차셨습니다그냥 무시하면 그만이라며 신문을 덮어버렸습니다그렇게 약 십여년 정도 집과 산을 왔다갔다 하시다가 산이 아닌 자택에서 깊은 밤 영면하셨습니다노추산모정탑은 자식을 잃은 슬픔으로 지은 탑이 아닌, 한 무당분의 기도와 소원으로 이루어진 탑이며 저희 외할머니의 자식사랑이 보이는 탑입니다"
노추산모정탑,ㄴ
노추산모정탑,한번가볼곳
대관령,드라이브 코스로 좋네요
대관령아기동물농장,귀여운 아기동물들 만나러 다녀왔음.
대관령아기동물농장,줄이 너무 짧아요 동물학대 같아요 코로나 때문인지 손님이 없어서 애기들이 많이 굶은것같아요
대관령아기동물농장,돈 벌이용 동물들이 불쌍합니다. 아기동물농장?... 글쎄요!
대관령아기동물농장,위생은 괜찮아보이나 물고기들이 다수 죽어있거나 움직임이 적음. 아기동물은 사람에게 노출이 많이 되는데 들지 말라고 문구를 적어놓아도 아기들이 작은 메추리나 병아리를 손으로 집음 좀 더 대체 방안이 필요할듯살면서 아기 동물들을 다양한 종류로 볼 일이 별로 없는데 다양해서 좋았음 프레리독이 엄청나게 귀엽고 다람쥐도 엄청나게 귀여움
대관령아기동물농장,매번 좋습니다.
대관령아기동물농장,"와 여긴 아가들이 넘넘넘 좋아할곳!!! 인당6천원에 사료도 주고 + 아가 승마체험 만오천원 +우유주기 이천원 다 했는데, 돈 안아까움. 동물도 종류가 매우 많다, 사슴 고슴도치 타조 양 강아지 등 정말 가까이서 볼 수 있다. 종류도 많고 넓고 관리도 잘 돼있음. 가봤던 동물원 중에 최고! 다만 동물학대느낌은 지울 수 없었음;;;"
대관령아기동물농장,"이런 류의 동물 체험장치고 규모가 상당히 커서 볼 것이 많고, 동물들에 아주 가깝게 다가갈 수 있어서 아이들이 매우 흥미로워 함."
대관령아기동물농장,정말 좋네요~ 3살먹은 보솜이가 제일 귀엽습니다
대관령아기동물농장,건초 장사 하시는 분들은 때돈 버실 것 같아요. 동물들 관리도 나름 잘 되있고 너무 더럽지도 않고 좋았어요
대관령아기동물농장,에류
대관령아기동물농장,너무 귀여워요 .. 택시비만 18000원 들었는데도 값어치 합니당 ㅜ 근데 너무 어린 아이들은 동물들한테 함부로하는 모습들이 많이 보여져서 보호자분들이 좀 조심해주셨으면 좋겠어요 ㅜㅜ
대관령아기동물농장,비쌈..할인도 없고 애기포함해서 5명 갔는데 애기  노는거 보라고 5명 들어오라고..  이렇게 해서 돈받아먹는듯.. 최악
대관령아기동물농장,다른 목장들은 건초비용 받거나 조금밖에 안줘서 다주고나면 구경만 해야되는데ㅜ여긴 건초가 👉무제한이에요!!! 진짜 원하는대로 계속 꺼내서 주고싶은만큼 줄수잇어요!!!!진짜 관리도 너무 잘되잇고 기대안하고 갔는데 진짜 200% 만족하고감 💓 너무 기야웟슴
대관령아기동물농장,5관한우관에서 한 15분동안 계속 건초옮겨서 밥주는데    한번도 안준소....우네요 ;;; 개미지옥도 아니고... 땀흘리면서 계속 퍼다 주게됩니다...아이는 바가지로 미꾸라지잡겠다고 정신이 팔려있고요... 집 근처에도 있었으면 좋겠네요
대관령아기동물농장,직접 먹이줄 수 있고평소 보기 어려운 다양한 동물 근접으로 관찰할 수 있음아이들 동물체험하기에 강추 👍특히 아기염소 & 알파카 너무너무 귀여움 ㅠ 🐐🦙
대관령아기동물농장,동물들 종류도 많아서 그런지 볼것도 많았어요. 다만 아기 병아리나 메추리를 만져볼 수 있게 해놨는데 몇마리는 사람손에 시달리다가 죽었는지...ㅠ 그냥 눈으로만 보게 해줘도 충분할 것 같아요..쟤네들은 죽어도 상관없는게 아니잖아요 또 어떤 아주머니가 물고기들을 작은 물바가지로 거칠게 퍼서 애기들 보여준던데 그 큰 물고기가 물 밖으로 강제로 나와 바가지 안에 갇혀서 펄떡펄떡거리는게 넘 기괴했어요.. 중간중간에 관리자나 제지해주시는 그런분이 있었음 좋겠어요. 오리는 짱 귀여움
대관령아기동물농장,"팩트만 적으면, 동물을 위한다면 가지마시길 추천합니다. 적어도 뒤에 제가 적을 점들이 개선이 된다면 모르겠지만요. 저도 그저 한 인간인 뿐이라 지나가는 행인의 견해로 들으셔도 상관은 없습니다. 부지 자체는 크고 동물 종류 다양합니다. 그런데 인간 아이들이 시끄럽게 떠들고 뛰어 다니고 플라스틱 먹이국자를 작은 동물들에게 다칠정도로 들이밀고 고래고래 동물들에게 먹으라고 강요를 해도 통제하는 관리인이 전혀없습니다. 그렇게 하지못하게 부모들이 지도를 해야겠지만 1관부터 5관까지 관리하시는 분 한분 계시고 동물들의 안전을 위해 고용된 사람은 없어 보입니다. 바깥 염소같은 경우 1미터 밧줄에 묶여있는데 그늘에서 쉴 수도 없고 땡볕에 내내 노출 되 있구요, 곳곳에 강아지가 3마리 정도 있는데 다 1미터 줄이고 강아지들이 다 말라서 다 뼈밖에 안만져집니다. 닥스훈트 한마리는 동물 우리 안에 있는데 사료를 주니 허겁지겁 먹습니다. 아이가 너무 말라 더 달라고 하니 ""주말이라 리필이 안되는데 조금만 더 드릴게요"" 해서 20알을 더 줬습니다. 강아지들 다 착하고 사람 손길 좋아하는데 너무너무 말랐습니다. 산책을 시켜주시긴 하는지 사람들이 주는 밥 외에 음식이나 물이 제공은 되고 있는지... 프론트에 일하시는 분들부터 동물을 사랑하거나 위하는 마음보단 생명으로, 동물들의 배고픔과 굶주림으로 돈벌이 하시는 것 같았습니다. *아기토끼 고슴도치 햄스터 기니피그 아기동물들* 모두 다 인간아이들/사람들에게 그냥 노출되있습니다. 아기동물들은 모두 바닥에 배치하였고 사람의 손길을 피할 수 없는 구조 입니다... 굶주린 강아지들이 저희를 여기로 부른건지.. 여기 좋다고 재밋다고 하시는 분들 - 정말 전 모르겠습니다.."
대관령아기동물농장,동물들이 귀엽고 착해요규모는 작지만 한번 가보기엔 좋을듯 하네요^^제주도에 새별***에 비하면 훌륭해요그런데 애기들 입장료는 다른데보다 세네요. 20개월부터 무조건 어른 요금인 1만원이예요^^;
대관령아기동물농장,동물들이 사람손을 타서인지 도망가지도않고 먹이도 줘서 동물과의 접근성이 좋았어요 타조는 좀 위험할지도요? 어린아이들에게는 ㅎㅎ 너무 잘먹어서 그릇까지 먹을거같더라고요 그러다 쪼이면 아플듯
대관령아기동물농장,아기동물농장중에 동물이 가장많고 커요
대관령아기동물농장,완전 좋은데 너무 멀어서 또 못가봄
대관령아기동물농장,자주온 곳이라 중학생아이만 들여 보낸다고해도 안된다고 어른이 있어야 한다며 입장료  받아 먹는 곳이네..
대관령아기동물농장,"비가와서 갈까말까 망설였는데 실내로 연결된느낌이라 좋았어요 동물들 많고 체험도 좋고 야외인걸 감안하면 진짜 깨끗하고 관리 엄청하시는구나 느껴져요,,\U0001fae7 입장료는 1인 만원이었습니다 (20개월이상부터)"
대관령아기동물농장,"묵여있는 염소,양은 불쌍하지만..운동 충분히 시킨다고 하니...아무튼 아기와 같이 가기 좋음날씨 안좋을때 가서 사람도 많이 없었고.."
대관령아기동물농장,아이들이랑 가기 최고 좋아요깨끗하고 동물들 관리도 잘 되어 있는 듯화장실도 깨끗하고 온수도 잘 나와서 좋았어요재밌게 놀다 왔어요
대관령아기동물농장,건초는 중간중간 무료로 먹일 수 있어서 좋았고시설관리도 잘되어있고 동물들도 건강하게 케어되고있는 느낌이었습니다. 아이가 너무좋아해요~ 다음번에도 재방문의사있어요~!
대관령아기동물농장,이때까지 다녀본 목장중에 가장 좋았습니다.
대관령아기동물농장,좋음
대관령아기동물농장,아.. 왔는데 기분이 너무 불편해서 가네요. 즐겁게 와서 밥 주려고 왔는데.. 알파카는 제자리에 움직이지 못하게 묶어놓고 양들 줄고 너무 짧아요. 적어도 이름이 동물농장이면 동물들 좀 신경쓰세요. 강아지들은 진짜 전부 다 앙상히 말라있고 너무나도 착한데 목줄은 왜이리 짧게 묶어놓나요? 그리고 새끼새들.. 몇 마리는 사람애들한테 밟혀죽었겠어요. 애들이 괴롭혀도 관리인들은 쳐다도 안보고 보다 못해 제가 가서 그만 좀 하라고 했습니다. 동물학대현장 보고 온거 같아서 진짜 기분 그지 같네요. 좀 개선하세요. 목줄 좀 길게 해주고 적어도 배는 안 고프게 하셨으면 좋겠네요.
대관령아기동물농장,댓글들 뭐지??제일 나은데
대관령아기동물농장,재미있게 잘 놀다 갑니다
대관령아기동물농장,동물이 생각보다 많아서 놀랐는데여기서 볼 수 있을 거라고 생각 못한 동물이 너무너무 많았어요체험 목장이면서 스트레스에 취약한 동물을 이렇게 많이 전시해 놓다니??대충 먹이주고 구경하고 싶은 분들은 가면 만족하겠다 싶은데동물 키워보셨거나 좋아하는 분들은 가면 마음 상할 거에요강아지들은 기니피그만도 못한 넓이 칸에 가두고 키우고 알파카 목줄은 1m나 되나 모르겠네요저는 햄스터 키우는 사람으로서 볼 때 패딩 입어야 안 추울 정도로 추운 곳에서 그것도 열마리는 되는 애들을 한 곳에서 키우는 게 너무 어이 없었네요한 케이지에 몇 마리씩은 눈이 파여서 없었고 등에 물려서 파인 상처가 있거나 죽은듯이 움직이지도 않는 녀석들도 있고..상식적으로 햄스터가 사람이 막 만지면서 놀아도 멀쩡한 동물도 아니고..딱 봐도 햄스터는 싸게 살 수 있으니까 대충 몇십 마리씩 주기적으로 사서 채워가면서 시체 치우면서 키우시나 본데 너무 안타까웠습니다뭐 사람 사는거 돈 버는거 다 그렇지 하고 넘어갈 분들만 가세요
대관령아기동물농장,너무 불쌍해요 애들이 동물 쥐고 흔드는데 제제도 없고...바가지로 소동물들 괴롭히고 ㅠㅠ양들 목줄 꼬여서 10cm도 제 맘대로 못움직이고..다신 가고싶지않아요
대관령아기동물농장,여기만한 곳 없는듯...열심히 먹이주다보니 내가 알반가? 느낄정도..ㅋㅋ원없이 체험가능 아이가 너무 좋아함..
대관령아기동물농장,여기 진짜 좋음 -_-;;;
런닝맨 강릉점,괜찮아요!근데 간혹 게임 버튼같은거 잘 인식 안되는게 있어요...그런건 좀 고쳤으면 좋겠네요 그래도 애때매 간건데 어른도 넘나 신나게 하고와서 끝나니까 땀범벅...운동되고 좋네요 이지로 했는데도 어려웠어요
런닝맨 강릉점,그냥저냥 즐길만함
런닝맨 강릉점,너무 힘들고 미션성공시키기 힘들지만 1시간동안 시간가는줄 모르고 놀았어요 ㅋㅋㅋㅋㅋ
런닝맨 강릉점,아 개재밌아요 ㄹㅇ 근데 이지모드 할걸 ㅠㅠ노멀은 중고생 혹은 성인남성이라길래 걍 해봤는데 진짜 어려웍음
런닝맨 강릉점,짱잼!! 시간이 살짝 모자라서 못해본것도 있당 ㅜ ㅜ이지모드인데도 아무리해도 못깨겠는거 있어서 애탐ㅋㅋㅋㅋ
런닝맨 강릉점,너무 재밌었어요! 땀 흘리면서 오랜만에 잼있게 놀았네요 ㅋㅋㅋ 근ㄷㅔ 한시간 너무 짧고 노말 했는데 생각보다 깨기 어렵더라구요..
런닝맨 강릉점,뮤즈도 보고 런닝맨도 했어요주차는 무조건 지정된 외부주차장 이용하셔야 시간 등록 가능합니다.초중고 모두 방문 가능! 연인 가족 데이트 적합! 다만 초딩이나 체력그지인 분들에겐 이지 모드도 좀 어려울 거예요 ㅋㅋㅋ 전 체력 그지라 넘 어려웠어요..... 다음날 일어나니 두드려맞은줄 ㅋㅋㅋ 개인적으로 뮤즈는 가격이 저렴해서 보는거지 안에 빔프로젝터나 보여지는 부분에 대한 관리가 좀 미흡합니다. 눈 아픈 부분이 몇 보여요 감안하고 보셔야 해요
런닝맨 강릉점,Easy 모드로 열정적으로 신나게 놀고 왔네요.한시간이 순삭됬네요.
런닝맨 강릉점,너무재밌었어요
런닝맨 강릉점,힘들어 죽겠어요.. 성인 여성은 제발 이지 하세요… 승부욕 넘쳐서 노멀 선택했다가 혼났네요ㅠㅠ한시간 떼우려고 했는데 생각보다 재밌어요!
런닝맨 강릉점,"강릉 여행을 하던 도중, 이런게 있다는 걸 급하게 알아가지고 바로 예약을 해서 하러 갔답니다 ㅋㅋㅋㅋㅋㅋ 정말 땀빠지게 놀았구요여러가지 미션들이 있는데 그 미션들을 클리어하면서 빙고를 만들어가는 놀이더라구요!!제한시간은 1시간인데 처음에 이지, 노말, 하드 모드를 선택할 수 있는데 한번 고르면 못바꾼다고 합니다... 운동선수 출신이 아니시라면 무조건 다들 이지를 선택하는게 좋습니다. 노말이면 1시간안에 1빙고 못만들지도 모릅니다... 저도 나름 운동 좋아하고 순발력 있어서 자신있게 노말모드 했는데 생각보다 고전해서 1빙고 완성시켰습니다...완성한 빙고에 따라서 선물을 주는 거였음 좋았을텐데, 그게 아니라 방문한 사람들 다 런닝맨 배지를 주는 것 같더라고요? 배지 받고 땀 뻘뻘흘리구 왔답니다 ㅋㅋㅋㅋ"
런닝맨 강릉점,"어른입니다.애들(30대초)이 가자고 해서 갔는데 처음 몇분쯤 탐색시간이 지나곤 정말로 땀벅이 되도록 잘 놀았네요.운동도 많이 된듯 합니다.쪼매 아쉬운거는 1. 처음 방문한 사람들이 게임 방법을 이해할 수 있게 설명을 글로 써서 게시해 줬음 하네요. 모니터에 나오는 방법을 보고 하기엔 대기 손님과 주어진 시간 짧다는~2. 정비를 빠르게 해얄듯요.. 자동차 운전은 핸들이 파손되어 핸들링이 어려운것도 있고, 사격하는 총은 슈팅이 안되는 것도 있고, 고장으로 서있는 것도 있어요."
런닝맨 강릉점,생각보다 너무 재밌네 성인2명이 땀뻘뻘흘리면서 했지만 올클은 절대못함
런닝맨 강릉점,여자매니저불친절합니다.
런닝맨 강릉점,한시간동안 시간때우기 좋아요난이도 노멀했는데 일부 게임은 성공하기 불가능해보였어요ㅠ
런닝맨 강릉점,고장이 많아요기계 상태보고 시작해야되요
런닝맨 강릉점,이런걸 왜해; 하고 갔다가 승부욕생겨서 목숨걸고함
런닝맨 강릉점,기계가 반절은 고장 난듯시설 관리도 제대로 안하고 그냥 장사하는거 같음
런닝맨 강릉점,"가격이 좀 사악하네요..한시간은 금방 가고, 여기갔다오면 체력방전"
런닝맨 강릉점,들어간지 20분안에 나왔습니다블로그 보고 나름 후기보고갔는데많이 시시합니다규모는 큰데 막상 입장해보면 수도권 소규모 과학관이랑 놀이수준이비슷합니다냉방이 잘 안되어서 많이 더웠습니다.
런닝맨 강릉점,진심 너무 재밌어요.. 올빙고는 좀 힘들어요 처음 가시면 이지 하세요
사근진해변,주변 상가 정리가 안되어 있어서 어수선한 해변. 딱히 이 해변에 와여 할 이유가 없네요. 칼라풀한 방파제 뭐 그냥 그렇고 전망대도 별 감흥 없었어요.
사근진해변,너무 좋아요
사근진해변,물이 깊어요 파도도 쌔요애기들이 놀기엔 위험합니다
사근진해변,여기 ㅇㄱ펜션 사근진해변들어가면 있는데 엄청 음침하고 사이비종교 느낌 나는데 갔다가 보고 꿈 설쳤어요초켜놓고 제사지내는거 여기가면 바로 보임이런거 못보는사람 가지마세요 엄청 뒤숭숭함여기말고도 여기 해변분위기가 음침해요 여기까지 가지말고 아래쪽 해변에서 노세요
사근진해변,Emerald Ocean
사근진해변,날씨가....비ㅠ바람도많이불고추웠어요.파도도쎘고ㅠ그래도느낌있게나오긴했네 ㅋ바위는.. 해외느낌퐁퐁ㅎㅎ우중충한날씨라도깨비가생각나는😉
사근진해변,Very good
사근진해변,방파제는 예뻤으나 주변 공사중이라 어수선하고 휑합니다ㅠㅜ 가실 분들 참고하세요
사근진해변,영진갓다 여기 왓는데 사근진이 좋아요 파라솔이 여기가 젤 저렴해요
사근진해변,여기 너무 예뻐요...
사근진해변,물 맑고 예뻐요일몰 때 가면 하늘이 그림같아요
사근진해변,물은 맑은데 파도가 세고 수심이 깊어요
사근진해변,전망대쪽에 사진찍기 좋아요
사근진해변,쵝오
사근진해변,사람도 별로 없고 분위기가 너무 좋았어요사진으로 보는 것보다 실제로 가면 훨씬 좋습니다
사근진해변,노을맛집알록달록 방파제가 있어요!
사근진해변,전보단 사람 많아짐예뻐서 구경하기 좋음 주차장 좁음
사근진해변,"사근진해변의 컬러풀한 방파제는 포토 핫플레이스로, 맑은 바닷물과 멋진 풍경이 누가 찍어도 멋진 작품이 되는 아름다운 해변입니다."
사근진해변,백사장이 작아서 파도 asmr 가까이서 들을 스 있음. 주차장 매우 협소. 평점 높을 이유가..???
사근진해변,#차박 #나만알고싶은 #주차장뷰 #주차장협소
사근진해변,물깨끗 모레사장 깨끗 모레가 뜨겁네요 ㅋㅋㅋㅋㅋ 이제 한여름이네여 피크닉은 봄에하는걸로..
사근진해변,사근진해변 인생샷 이렇게 찍어보세요~~~ 바다 넘 예쁜 강릉 \U0001fa77\U0001fa75\U0001fa77\U0001fa75파스텔톤의 방파제가 포토 스팟이 된 곳 !
사근진해변,일출명소
사근진해변,차가없으면  힘들지만  한번 가긴 좋네요
사근진해변,수영하기엔 다소 좁은 해수욕장취사 야영금지나 하는 사람 많음
사근진해변,경포해변에서 조금 벗어났을뿐인데 물이 너무 맑음
사근진해변,주차 공간이 좁지만강릉에서 해변을 하나만 간다면사근진이 알록달록해서 젤 예쁨
사근진해변,날씨가 흐린데도 바다뷰는 좋았습니다.맑을 때 한번 더 오고 싶어요.
사근진해변,사람 많이 없고 좋아욥~~
사근진해변,사람이 별로 없고 무료 주차장이 있어서 바다 보기 좋다. 주변에 뭐가 없으니 미리 사서 가는 걸 추천!
사근진해변,"주차하는 곳과 세족장이 좀 먼 것 같음.. 차가 좀 많이 밀릴땐 밀림..*올 때 바닷물에 발담글 생각이라면 갈아신기 편한 신발, 수건, 여벌옷, 발 씻을 바가지나 페트병 필수* 그 날 갔던 바다가 참 맑았습니다. 포토스팟에 사람들 이 한 번씩 찍고감 폐장이였음에도 해수욕 즐기는 사람도 여럿있었음"
사근진해변,이쁜거 같아요 색색의 테트라포드 하나만으로도 한번쯤 다시 생각나서 가볼거 같음
사근진해변,인생최고의 바다 .. 물이 너무 맑고 깨끗해요꼭 다시한번 가고싶어요
사근진해변,바다뷰가 멋있고 사진 찍기에 테트라포드가 알록달록하게 이쁘게 색칠이 되어있습니다.
사근진해변,앞에 임시 주차장 있는데 모르고 해중공원 주차장에 세움ㅜㅜ화장실 매우 깨끗. 세족장도 있고. 그늘이 없어서 아쉬운데 해변은 맘에듦
사근진해변,전망대 올라가 동해바다 보는 재미와 방파제 새감이. 재미있어요~^^
사근진해변,알록달록 방파제 이쁘네요ㅎㅎ
사근진해변,시원한 바다  다른데에  비하면 좀  썰렁조용한거 좋아하면  굿~
사근진해변,분위기와 뷰는 좋았지만 24년 6월 방문 당시 주변이 황량하고 좀 더 꾸미는 중인 듯 하여 내년(25년)에 방문하면 더 좋을 듯 함
사근진해변,주차공간 찾아보면 많이 있어요 !화장실 옆에 발 씻는 곳 있어서 😊바다물에 발 담구기 좋아요오 !❗️썬크림 꼬옥 필수 . 뜨거워요❗️
사근진해변,참으로 아름다운 해변
사근진해변,발담구기 좋고 파스텔톤 방파제가 예뻐용
사천진해변,4년전에 방문했을땐 서해안처럼 수심이 완만하게 낮아져서 아이들하고 놀기 좋았는데 수심이 급격히 낮아져서 아이들이 놀기엔 조금 위험해진듯 해요 ㅠㅠ
사천진해변,한가해서 좋아요
사천진해변,재미는 있지만 편리하지 못한 곳. 파도가 세고 조금만 들어가도 어른 키를 그냥 넘겨서  헤엄치거나 서핑하기 좋음. 바위들이 많아서 파도가 낮을 때 한정으로 물고기 구경하기 좋음. 극성수기에도 경포대보다는 공간이 좀 나옴. 카페나 편의점은 있지만 화장실 샤워실 찾기가 하늘의 별따기에 애엄마들이 탈의실에 애를 데리고 들어가서 오줌을 누이므로 반드시 해변에 펜션을 잡을것을 추천. 2차선도로에서 도로에 걸쳐 주차된 차들과 통행차량과 인근 가게로 들어가는 차량과 인도가 없어서 도로로 다니는 보행자들이 한데 뒤엉켜 조금만 차가 몰려도 지옥같은 교통체증이 발생함.
사천진해변,규모가 작고 뷰는좋습니다. 사람많고 복잡한것 싫어하시면 강추!
사천진해변,바다 낚시
사천진해변,한적하고 해변앞에 작은다리로 연결된 아주작은 돌섬이있는데 좋아요그리고 헤변뒤에 CU편의점이 크게있는데 사장님이 매우 친절하십니다
사천진해변,해변이 워낙 길고 깨끗해요. 해변도로가에 주차할 곳도 넉넉해서 주차 스트레스는 크게 걱정 안하셔도 좋아요. 해수욕을 하신다면 파도가 있는 날에는 군데군데 수심이 갑자기 깊어지니 안전하게 천천히 입수하시길바래요. 아이들이 있는 경우 구명쪼끼 챙기세요!
사천진해변,"코로나 때문인지 사람도 그닥 없고 조용하니 좋네요, 바다는 스노쿨링하기 좋게 맑고 ~ 다만 편의 시설등은 좀 부족합니다"
사천진해변,탁 트인 동해바다가 좋지만파도가 워낙 거센 곳이라 해수욕엔 적합치 않음그냥 답답한 마음 풀러 오기엔 괜찮은 장소~사천진 바위섬이 있어 좋음
사천진해변,일출명소 차박
사천진해변,산책하기 좋아요. 근처에도 카페예쁜곳많음. 주차도 널널했음
사천진해변,바다 색감 너무 예쁘고 산책하기 좋은 해변이다.근처에 카페도 많아서 쉬어가기 좋은 곳이었다!
사천진해변,화장실 개오바에여
사천진해변,해수욕장 폐장한 뒤에 방문했습니다. 파도가 엄청 세서 휩쓸리기 딱 좋네요. 모래자갈이 꽤 굵은편입니다. 공기도 물도 맑고 깨끗해요. 사람이 많지 않아서 좋았어요. 서핑하는 사람들이 꽤 있었어요.
사천해변,조용 한 곳이 였는데 요즘 어수선 하내요...
사천해변,조용하고 아담한 바닷가. 차박 좋아요
사천해변,캠핑해변
사천해변,좋은 추억 만들고갑니다~!주차공간도 넉넉해서 좋았어요
사천해변,경포옆의 작은해변. 공용주차장 넓어요.
사천해변,일출이 예뻐요
사천해변,생각보다 파도가 세고 주변 먹거리가 별로 없어요마트도 없어서 강릉까지가야하고..사람없는덴 이유가 있는듯…
사천해변,차박 명소. 일출명소 .근처에 관리 되는 화장실 있음.편의점 있는데 밤에는 무인 운영함.
사천해변,"자전거로 경포를 가기 전에 쉬어가는 곳.한적할 때는 한적하고, 사람 많을 때는 많다.서핑하기 좋은 곳. 👍 카페도 제법 있다."
사천해변,"자릿세 1만원. 그치만 공용주차장이 크고 넓어서 좋아요.가까이 편의점이 있어서 편해요.샤워장 유료,발씻는곳도 있어서 편해요"
사천해변,사천해변 노을 Pink sky\U0001fa77☁️ 넘 좋아용
사천해변,2011년 가족들과 함께 민박에서 자고해수욕 했던 추억이 좋았던곳 입니다 ^^더 잘되세여~
사천해변,사람많고 자리 없음입구에 막아놓고 누군가 야영비를 받음
사천해변,21.07.후기: 물 너무 더러워요
사천해변,다른곳보다 모래가 햐얘서 이쁜곳!!
사천해변,테라로사 앞바다
사천해변,와우~~~~~ 한적하니 좋네요!!!!!!!!역시 동해라서 물은 깊고 깨끗했어요!모래가 너무 이뻤어요. 샤워장은 조금 더 올라가서사천진해변 앞에 유료샤워장 있습니다.1인당 삼천원이구요. 한번에 두명씩 들어갈 수 있어요ㅋㅋ 제 기준 사천진 해변이 더 놀기엔 좋았을 것 같아요!
사천해변,"Отличный пляж! Я бы сказала - дёшево и сердито. Есть паркинг прям вдоль пляжа. Стоимость 10 000₩  за машину. Аренда зонтика 10 000₩, аренда 2х зонтиков на тапчане 40 000₩, спасательн.жилеты и круги за единицу-10 000₩.Можно поставить палатку, тент, что угодно на выделенной территории, прямо под деревьями))) Можно пользоваться газовой горелкой, плитой(мангалов не видела, скорее всего нельзя), готовить пищу. На территории есть туалет (к сожалению грязный, без туалет.бумаги). Есть также платные душевые (дешёвые 2000-3000 ₩), общая раковина на улице.На территории также можно заночевать. Стоимость за ночь не знаю. Берег довольно чистый, песок не сильно крупный. Глубина большая. Буйки от берега в метрах 10-15. Вода довольно прозрачная, но есть мусорок, в виде водорослей и других природных компонентов. Контингент- в осн. хангуки. Рядом есть серф клуб, где можно арендовать всё для сёрфинга. А также магазины и несколько кафе, закусочные. Рекомендую приезжать пораньше до 11 дня, в идеале в - 9, можно занять лучшие места под деревьями ^^"
사천해변,텐트 3 차박 3 카라반 5
사천해변,한적하고 바다색이 다채로워 아름다운 추억 쌓기에 좋은 곳드라마 남자친구 촬영지
사천해변,한적하고 조용한편이에요.시원하게 바닷바람 맛으며 멍때릴수있는곳.주차장도 잘되어있어서 차안에서 바다보기도 좋아요.
사천해변,조용해서 좋습니다. 사천해변에 가면 꼭 제트보트 타세요 놀이기구보다 재미있어요!!
소금강계곡,"이틀 전에 다녀왔는데 계곡물이 맑고 수량도 풍부해서 감탄했습니다. 경치도 참 좋습니다. 계곡길이지만 습하지 않아 날벌레가 없고, 숲길이 나무로 우거져서 낮에도 덥지 않게 트레킹 할 수 있었습니다. 구룡폭포 지나서는 입산 통제 시간이 정해져 있어서, 하절기에는 오후 2시부터 들어갈 수 있습니다. 이 계곡길의 끝은 노인봉으로 편도 9~10km를 걸어야 하는 긴 코스입니다. 주차장은 유료로 5천원인데 먼지 터는 기계는 따로 마련되어 있지 않지만, 넓고 깨끗해서 좋았습니다."
소금강계곡,우리나라 최고의 계곡
소금강계곡,물놀이 하기 좋아요. 가족단위 방문객들이 많았어요. 화장실은 두 곳인데 한곳이 공사하고 있었어요. 남은 한곳은 물 없는 화장실이라 불편했어요. 🙁 손은 씻을 수 없었어요. 주차료 비싸다는 후기 있었는데 저는 비싸다는 생각 안들었어요.맵에 나온 위치보단 캠핑장 주변 상가와 주차장을 찍고 가야 해요.
소금강계곡,소금강
소금강계곡,물놀이 물놀이 물놀이
소금강계곡,구룡폭포까지 트래킹 gogo
소금강계곡,으수기랑 민박
소금강계곡,강릉 소금강
소금강계곡,절경
소금강계곡,계곡 자체는 좋은데 허락된 구간이 200미터 밖에 안되어서 사람이 많아지니 놀공간이 없었어요
소금강계곡,강릉 오대산에서 제일 경치가 좋죠..계곡이 너무 좋아요..요즘은 계곡 출입을 하류 아닌 이상 막더군요
소금강계곡,계곡은 빼어남. 단 주차료가 장난 아님.
소돌아들바위,정말 물 맑고아름다움여기서 전복도 봄최고
소돌아들바위,"기암괴석과 파도, 물 맑기 등 모든 게 만족스러운 곳사진 포인트로도 좋고 그냥 멍때리기도 좋음3년 전 현지인 추천으로 갔던 곳이고 그 분위기가 넘 맘에 들어 이번 휴가에도 방문함"
소돌아들바위,입이 쫙 벌어집니다.
소돌아들바위,좋아요
소돌아들바위,뷰맛집♡
소돌아들바위,너무 너무나 풍광이 아름다운 곳용왕님께 빌어 아들을 얻었다는 전설이 깃든 아들바위~
소돌아들바위,"소돌아들바위 그만 문지르세요. 바위에 비벼댄다고 아들이 생기진 않아요. 그럴시간이 있으면 태교에 도움이 되는 책을 찾아보시길^^ 갯바위에서는 항상 조심조심~♬ 밑에서 올려다보는것도 멋지지만, 데크 전망대에 올라가서 내려다보는것도 멋집니다."
소돌해변,❤️
소돌해변,미안
소돌해변,바다 전망대 최고날씨 좋은 날 올라가면 속이 시원해요~
소돌해변,동글동글 이미지가 많은 해변베이지색 모래가 정말 곱다.
소돌해변,소돌 아들바위 옆 횟감 참 좋습니다
소돌해변,나만 알고싶은 마을.. 고즈넉하고 너무좋아요
소돌해변,조개도 많이 잡히고 좋아용
소돌해변,작고 얕음
소돌해변,나만 알고 싶은 곳.진짜 사람적고 경치 최고인듯
소돌해변,바다안개자욱한날 ~~
소돌해변,예뻐요\U0001fa75\U0001fa75\U0001fa75\U0001fa75\U0001fa75\U0001fa75\U0001fa75\U0001fa75\U0001fa75\U0001fa75\U0001fa75\U0001fa75\U0001fa75\U0001fa75\U0001fa75\U0001fa75\U0001fa75\U0001fa75\U0001fa75\U0001fa75☺️
소돌해변,모래가 부드럽고사람도 많지 않아서 좋았어요해질녘 석양은 정말 최고~소돌해변에서 소돌 바위까지 산책거리가 좋네요
소돌해변,해변가 산책로 잘조성되어있음.
소돌해변,30년 전부터 다녔음.물놀이하기도 좋고 가족단위 방문하기 좋은곳.화장실도 나름 깔끔한편.성수기때 주차하기 힘들힘들..\U0001fae0
소돌해변,여행지로 찾아와서 보는정도눈 아닌것같고 밥먹고 산책용도로 좋은거 같아요~
소돌해변,소돌
소돌해변,바닷물은 깨끗하고 좋은데 샤워장이 엉망임.
소돌해변,25년도이후 물놀이하실분들 구명조끼 꼭 입고 멀리가지마세요 파도 조심하세요 위험표지판 안보여 적습니다 특히 폐장이후는 들어가지마시길. 물깨끗하고 뷰 좋고 음식이나 카페는 맛있어요
송정해변,강릉하면 송정해변이지. 바다는 언제나 옳다
송정해변,물도 깨끗하고 파도 타기도 좋고날씨가 흐리다 갑자기 맑아져서 수영 해버리기이렇게 좋은 곳에 안 올 이유가 있을까
송정해변,노을지는 모습이 아주 예뻐요 사람도 그렇게 많지 않았고 주차장도 바로 앞에 있어 좋았어요!주변에 포차가 있었지만 시장에서 포장해온 음식을 돗자리펴고 앉아 바다를 바라보며 먹었어요(쓰레기는 잘 가지고 왔습니다 ◡̈ )
송정해변,소나무길이 너무 멋있습니다 강릉에 오면 꼭 가보세요!
송정해변,작지만 해변 뒤 건물이 아닌 소나무 숲이 너무 아름다운 송정해변 💙 강릉 최애 해수욕장중 하나 매점앞 벤치 앉아 맥주 한캔도 넘 좋은
송정해변,바닷가근처 주차장이가깝고 좋아요
송정해변,그 유명한 강릉카페거리가 위치한 해변입니다.
송정해변,최공
송정해변,나만 알고싶은곳… 물 색이 아주 아름다워요
송정해변,가족여름휴가19년8월8일  바닷가에 가족이랑 재미있게 놀아습니다삼척시 장호항가서  ⛵️타고나서 소나무 많이 있는 해수욕장 송정해변가서 부모님 형님식구하고  재미있게 물놀이 하다가 왔습니다
송정해변,안목해변보다 여기가 사람도 더 적고 훨씬 아름다워요
송정해변,"해변 앞 솔밭 그늘 밑에 캠핑의자,돗자리 가능.탈의실 있고,옆 매점에 발씻는곳&화장실 있음.넘좋아요~"
송정해변,이게 동해바다다~~~ 라고 하는 듯 수평선 넓고 파도 거칠고 모래사장 광활하다.모래사장 뒷편으론 해송이 울창하고 청솔모가 뛰어다님 ㅎ
송정해변,상대적으로 조용한 해변
송정해변,소나무숲 한적
송정해변,"입장료는 무료이고, 해변 뒤에 소나무가 있어 뷰가 좋음.주차 시설은 미흡하고, 샤워장도 아주 좋은 편은 아님."
송정해변,너무 좋음 한적함
송정해변,"어… 저는 9월 1일에 와서 아래 해변에서 쭉 걸어 올라왔는데, 정말 아무도 없었어요. 아무도. 그리고 물은 수영하기엔 빠지면 아무도 모르게 죽을 수도 있지 않을까 싶더라고요. 그래도 수행자처럼 걷기 좋았습니다. 좀 무서웠지만요."
송정해변,무보정 아이폰 사진으로 막 찍어도 이렇게 예쁜 하늘과 바다는 처음이었습니다.강릉에서 보고 싶은 사람이 있어서 기다리는 동안 바다앞에 누워있었는데 그 자체로 힐링되는 느낌.경포나 안목은 너무 관광객에 음식점들 많아서 복잡한 느낌이 있는데 여기는 정말 한가로이 바다를 즐길 수 있습니다.누워서 바다 관련 음악 들으면서 보고 싶은 사람을 기다렸는데 무척 행복한 시간이었습니다. 해질 때 가면 딱 저런 하늘입니다.
송정해변,강릉가면 꼭 들리는 곳이에요바다와 소나무너무 좋아요
송정해변,"해수욕장으로 개발된 해변이 아닌 곳이다보니 시설적인면은 아쉬우나 도심에서 접근성이 탁월하며, 찾는이가 많지않아 한적함을 원할때 좋음."
송정해변,강릉의 보물 해송숲길. 몇번을 와도 항상 멋져요.
송정해변,아주아주 좋아! 깅릉
송정해변,23.01.20 다녀감
송정해변,해수욕장이라기 보단 노인정인듯. 주변에서 운동하긴 꽤좋음
송정해변,송정해변 물도깨끗하고 사람도 적당해서 좋았어요 또 가고싶어요
송정해변,강원도 오면 여기는 꼭 들르기.아주 좋음
송정해변,뷰는 이쁘나 소나무숲에 모기가 너무많아요 한겨울에 사면 좋겠어요
송정해변,주차장이 넓은데 자갈 비포장이라 흙먼지 날려서 주차하고 마스크 쓰고 차에서 내림 ㅎ바람불면 황사 저리가임
송정해변,너무좋아요...
송정해변,100%좋았습니다.일출명소 송정해변
송정해변,소나무길 좋아
송정해변,2024. 1. 1.흑흑 너무 예뻐요+2022. 5. 10.바다는 사랑입니다22바다가 보이는 소나무숲길 좋아요
송정해변,단정 소박한 느낌이 좋은.
송정해변,조용하대서 택시타고 갔는데 조용하긴 한데 그만큼 사람도 많은..^^그냥 강릉은 해변 다 사람 많은 거 같아요 ㅋㅋ그냥 가까운 곳 가시라..굳이 멀리까지 가지 마시라...
송정해변,날이 흐려서 구름 구경만 하다가 저녁놀에 깜놀!석양도 동해안?
송정해변,"바다도 많이 쌔지 않고 모래놀이를 아주 하기 좋은 곳 입니다. 꼭 강릉 갈 때 놀러 오세요!!(여름은 더우니까 3시~6,7시 까지!6,7시까지 논 다음에 야시장 까지 일정 잡으면 좋아요)"
송정해변,여기 너무 좋아요
송정해변,소나무 밑에서 돗자리깔고 쉴수있음다만 입구에서 잘못하면 강문으로 갈수도 있으니 우회전해서 주차장을 잘 찾으면 됩니다.
송정해변,"강릉 송정해변은 강문해변과 카패거리로 유명한 안목해변 사이에 있는, 송림이 멋진 해변입니다."
송정해변,조용하고 좋음
송정해변,역시 동해
송정해변,"강아지 줄채우고 안고 들어갔는데도 안된답니다. 사진1장도 찍지말래용 :( 수영 하겠다는것도 아니고 , 눈이 안보이는 강아지라 가까이가서  바다소리 들려주고 싶었는데  들어간지 1분도 안되서 입뺀당함요."
송정해변,아름다웠은데 시설이 조금 헷갈렸어요
순긋해변,여기 강아지가 너무 귀여워요
순긋해변,강릉해변중 크게 붐비지않는 작은 해변중하나임 물론 숙박시설들이 제법 몰려있으니 그때는 이야기가달라지겠지만..
순긋해변,해변은 깨끗한편은 아닌데 물이 엄청 맑고 바람이 세지않았는데 파도가 커서 구경할 맛이 있네요 모래는 푹푹 빠지는 곳이라 신발에 모래들어가요
순긋해변,잊을만 하면 또 오는강릉 최애해변 붐비지 않아서 좋다
순긋해변,"평일에 사람없어서 넘좋,,"
순긋해변,차박가능사람많음사유지라고함 돈내야함
순긋해변,날씨보고가세요..
순긋해변,한적하고 아름다운 순긋해변. 강릉 많이 와봤는데 이런 곳이 있었네요.
순긋해변,너무너무 이쁘고 좋지만 바람이 왕왕 많이 붐
순긋해변,잠시 쉬다 갑니다ㅎㅎ
순긋해변,해안침식이 심각해서 출입통제중
순긋해변,아이들과 캠핑카 여행중 간곳인데 좋았어요.
안목해변,택시 잡기가 하늘의 별 따기. 유독 안목해변만 오면 항상 이래요. 강릉 콜택시도 안 잡히고 ktx 타실 분들은 미리 미리 이동하세요.
안목해변,바다가 눈을 사로 잡네요 커피거리와 같이 있어서 바다를바라보며 마시는 커피는 맛도 일품루프탑이 있는 카페에 가서 마시면 금상첨화 입니다
안목해변,"진짜진짜진짜 해변 이쁩니다. 시간대는 아침부터 오후 4시 5시까지는 진짜 이쁜거 같습니다(여름기준 좀더 긴듯, 겨울은 좀더 짧고)그리고 스피드 보트 꼭 타십셔 물이랑 속도감 별로 안무서워 한다면 압자리 추천드립니다."
안목해변,"안목해변은 진리, 커피마시기도좋고 뷰도 좋고 힐링최고"
안목해변,여기서부터 위쪽으로 쭉 걸었는데 가장 놀기 만만한 해변이었어요. 얌전하달까.. 모래사장에 앉거나 물속에 들어가도 위험해 보이지 않을 정도요. 물론 물에 들어가면 어린아이는 위험합니다.
안목해변,금강송 산책로를 지나면 보이는 안목해변.한적하고 좋네요.커피거리로 유명하지요.자판기 커피도 600원인데 컵이 그란데정도 되요.시티버스의 출발지로 시간표 참조하셔요.
안목해변,"아주좋아요. 거친파도를 원하시면 비추. 흐린날이나, 풍랑주의보때 오면 파도가 꽤 높습니다. 카페촌이라서, 주차가 빡셈."
안목해변,점심시간 전후로 너무 좋음.. 사람 없을 때 가세여
안목해변,바다가더럽고 파도가쎄요
안목해변,커피 거리가 조성된 해변으로  물놀이겸 사색 즐기기 좋아요.  바다 전망뷰 카페들이 즐비 되어있어  커피 한잔하면서 여유 즐기시기 좋아요. 뚜벅이 분들은 버스 시간 참조하세요.
안목해변,분위기 좋아요. 다만 태풍전이라 바다 근처로 못가  아쉽네요.
안목해변,해운대-안목광안리-강문
안목해변,마음에 평화를 주는 곳날씨가 좋아 더 아름다웠어요
안목해변,아주 좋은 하루 보냈습니다
안목해변,주차는 강릉항 주차장에 하고 여유있게 걷다가 맘에드는 카페에 들어가는게 좋다. 카페 앞의 주차공간은 워낙 방문객이 많아 주차가 어려움. 카페는 꼭 3층으로 올라가기를 적극 추천.예쁜 바다 뷰~.신선한 회를 먹고 싶으면 강릉항에 있는 회센타에서~
안목해변,커피아메리카 좋아요
안목해변,백사장 넓고 깨긋하고 좋아요 일단 커피숍이 많아 좋고요
안목해변,그런대로
안목해변,주차장이 무료에 자리가 많아서 편해요.커피한잔하며 탁트인 바다를 즐길수 있어서 더욱 좋습니다.사람이 많아서 복잡하긴 하지만 그만큼 편의시설이나 식당들이 다양하네요
안목해변,갈매기 맛집
안목해변,바닷가 카페거리. 나쁘지 않음.
안목해변,카페거리가 있어서 쉬기 편했고 보트가 진짜 재밌었다 화장실도 깨끗하고 관리 잘되어있다 단점은 주변에 딱히 맛있는 식당이없다
안목해변,스피드보트 개강추
안목해변,커피마시면서 바다멍하기 좋은 곳사람이 많긴 많다.....
안목해변,"커피 거리로 유명한 해변입니다. 길게 이어지는 백사장도 예뻐서 가족이나 연인, 친구들과 찾으시면 좋을 곳이에요."
안목해변,바다가 진짜 예쁘더라구요
안목해변,2박 3일 강릉여행 중 계속해서 날씨가 안좋아서 흐린 바다만 보다가 마지막 날 안목해변에서 멋진 바다 보고 가요! 마지막 날 대미를 장식했어요 !! 진짜 너어무 이뻐서 한참 바라보다 왔습니당. 파도가 센데도 앞쪽에서 정신없이 바라보다가 다 젖었네요ㅋㅋㅋㅋ 이 마저도 행복했어요 또 가구 싶당..
안목해변,"안목해변 카페 거리.일출 명소에 예쁜 하늘 , 바다, 카페를 한 번에 즐길 수 있는 곳이애요 ㅎㅎ"
안목해변,강릉바다가 생각날 때 가는 곳
안목해변,이젠 식상함 횟값 기본 18 만원 담합ㅋㅋ
안목해변,겨울에도 좋은 안목해변~바람 맞으며 파도소리 듣고 있노라면여러가지 마음의 소리가 울립니다.힘든건 옅어지고 사랑은 깊어져요.해변따라 있는 커피거리도 좋구요.
안목해변,바다가 엄청 푸르고 예뿜보트 1인 만오천원
안목해변,안목ㅋㅋㅋㅋ양아리들만사업하는곳임.머리에든게 있으면  도로좀 내달라고 건의해라.남항진으로차건너가게. 지들손님뺏길까바 도로도 안했다며?  개막혀서 주말마다 전쟁이지? 니들은  차가막히길 더.바라는것들이지? ㅋ .홍보도대고 핫플은 타가막혀야한다고 생각하지?ㅂㅆ들  안목 왠만하면  가지맙시다  가더라도  바다만보러가자.
안목해변,ㅗㅜㅑ
안목해변,바다색이 강릉에서는 가장 이쁜거같습니다주말엔 사람이넘마나서 평일가세여
안목해변,스벅앞에 차안에서 타로사주 봐주시는곳은 믿고 걸르세요. 바가지요금에 급하게 봐주기만하시고 맞는말이 단 하나도 없었습니다. 제발 다른 피해자가 없기를 바랍니다. 바다는 좋아요  👍👍
안목해변,정말 사랑하는 안목해변안목해변의 노을은 늘 핑크빛이랍니다 \U0001fa77
안목해변,물은 맑은 편사람은 많은 편노을 예쁜 편주차 개불편
안목해변,ㄱㅇ
안목해변,사람많은걸 싫어해서 추천하고싶진않지만 안목카페 어지간한곳은 전부 오션뷰고 성수기를피해가면 멍때리기도 나쁘지않음
안목해변,주차하기가 너무 힘들지만 바다는 너무 좋았습니다나들이
안목해변,동해는 사랑입니다
안목해변,주차가 어려워서 아쉽지만나름 감성이 있어서 좋네요
안목해변,사람이 너어무 많고 차들도 많고 ㅠ 정신없어요…
안목해변,나들이
안목해변,바다 최고
안목해변,강릉오면 가보는 곳
안목해변,만족스러운데 가격이 쫌 부담되긴해요 ㅎ
안목해변,바다 색깔도 예쁘고 분위기도 좋아요
안목해변,굿
안목해변,15년정도 전부터 갔지만 해마다 주차가 점점 너무 심해져 이젠 그만가야 할듯... 커피 맛은 진짜 별로 뷰가 좋을뿐
안목해변,해변 일출  정말 이뻐요
안목해변,연인들의 데이트 코스~야경도 좋아요~^^#일출명소 #산책로 #포토존
안목해변,물도 맑고 깨끗해서 참좋았다.무더위 35도에도 파라솔아래가 시원하다.피서지 답다. 너무 마음에 든다.주차료 아직은 무료.
안목해변,예쁜 바다와 시원한 바람 그리고 카페들이 늘어선 해변이 좋았음.
안목해변,비오는날 갔더니 흐려서 아쉬웠음 상가 많고 번화한 바닷가
안목해변,안목해변에서는 저 세족장에서 발씻고저돌멩이 징검다리를안전하게건너야모래가 뭍지않습니다.내년엔 개선되겠죠?
안목해변,"사람 몰리는 타이밍엔 매우 혼잡하니 반드시 차가 필요한게 아니시라면, 택시 타고 들어왔다가 나가는게 좋을듯합니다. 차량 진출입 속도가 너무 느려요 ㅜㅜ"
안목해변,언제든최고의추억을만들어주는아름다운곳
안목해변,"주변에 강릉네컷, 순두부젤라또, 소품샵 이용 겸 들른 해변. 갈매기 진짜 많이 봤다."
안목해변,주차장이 많은데 차가 더 많아서 주차하는데 애먹었어요. 약간 북적북적한 느낌이라 전 차분한 송정해변이 더 좋았어요.
안목해변,"밝을때 갔으면 더 좋았을 텐데,새벽에도 좋았어요."
안목해변,뷰 너무이쁘고 바다색깔 대박이에요^^
안목해변,해변이 아름다웠어요
안목해변,저녁엔 여기서 택시 잡기 힘들어요. 뚜벅이분들 참고하세요.파라솔 하나 빌리는데 만원. 6시쯤에 거의 정리하는것같음. 해변은 깨끗한 편.
안목해변,깨끗하고 사람도 너무 많지 않아요 :)
안목해변,해변이 너무 낭만적이고 예뻐요..깨끗하고 수영금지라서 다들 조용히 선베드에 누워있어요... 카페거리 바로 앞이라서 분위기있고 조용해요... 하늘도 너무 예쁘고... 부드럽고... 기회된다면 꼭 다시 오고싶어요! 회센터가 바로앞에 없어서 좋아요..최고에요ㅠㅠㅠ
안목해변,커피거리 뷰 예쁘다. 평일에 오는거 추천
안목해변,"강원도 여행 가신다면, 꼭한번 들려 보세요"
안목해변,"바다도 예쁘고, 옆에 강릉항도 걸어보기 좋고, 주변이 카페들도 예뻐요"
안목해변,커피 한잔 마시며 시원한 바다를 볼 수 있는 곳입니다.
안목해변,아무생각없이 멍때리기 좋고 그냥 힐링할수있고 좋아하는 음악들으면서 파도소리 들을수 있는곳
안목해변,차 안에서 해변을 보며 마시는 커피 한잔
안목해변,모래가 입자가 굵어서 밟기 좋은 해변. 파도가 쎄서 구경하기 좋다.바로 옆은 커피거리라 야경이 멋지고 밤에 불꽃놀이 구경도 쏠쏠함
안목해변,그냥 최고!!!!!
안목해변,풍경굿
안목해변,물 정말 맑고 좋아오..강문보다 좋아요
안목해변,"3일 머물예정... 하루 지났음...결론 다시는 이곳에서 숙박 여행은 없음.이유는, 1. 아무리 커피거리지만 너무 먹을것도 없고 할것도 없음. 2. 전체적으로 너무 비쌈. (바가지 느낌) 3. 회센터 절대 가면 안됨...요즘 다들 바구니 바가지 요금갖고 트집잡아서 그런지 변종 바가지 씌우려고 나무틀로 저울 케이스 만들어서 저울을 나무틀이 누르고 있음....추천할만한 케이스는...2시간 거리내 혹은 지역주민이 그냥 드라이브 삼아 와서 커피나 한잔하고 사진 몇장 찍고 반나절 코스임... 경기.수도권에서 4시간이상 와서 지낼만한곳은 아님..."
안목해변,해변바로앞에 주차장이 극혐이긴하나 카페가 많고 식당도 꽤있어서 갈만함.
안목해변,버스 314버스 16시에 안와서  고속버스 시간을 놓쳤어요
안목해변,좋아요!
안목해변,🌊🦀🐳🐙🐟🐡🧜🧜\u200d♀️🧜\u200d♂️🌅🐬
안목해변,눈오는날 강릉 커피거리치가많다
안목해변,안목해변은 그냥 와이프랑 항상 가는곳임 여름엔 비추 봄 가을 겨울엔 강추. 다만 아직도 개념없이 해변에서 쳐먹고 그러는 젊은애들이 문제임.
안목해변,"선셋 너무 예뻐서 미친듯이 뛰어놀았어요단, 사람이 몰리지 않는 평일이었음 !"
안목해변,물이 깨끗하고 한적하고 너무 좋아요!
안목해변,안목 바다는 더러움 그자체 쓰레기에 거품에 돌에  저번주에 놀러갔는데 해파리 만졌다가 깜짝놀랐다
안목해변,올때마다 좋아요!!
안목해변,딱히 볼건없당 그냥 해변임
안목해변,그냥 그랬네요 ㅎ
안목해변,근처에 커피거리가 있어 바다 보면서 카페에서 시간 보내기 좋습니다 ㅎㅎ
안목해변,카페가 참 많았던....그리고 초여름인데도 진짜 추웠던....등대까지 슬슬 걸어갔다 올만한..
안목해변,조금 복잡했은데 동해가 아름다웠어요.
안목해변,제주랑 서해는 많이 가보고 동해는 처음이었는데 너무 좋더라구요 시간만 있으면 며칠 머무르고싶을정도로
안목해변,갈매기 맛집 갈매기 왜케 많아여 끼룩끼룩
안목해변,바닷가는 비오는 날이 많더라구요기상체쿠필수!
안목해변,넵
안목해변,안목해변 제일 좋아!
안목해변,코시국이어도 사람이 많긴하네요 ~
안목해변,수상보트 타러 가세요
안목해변,야자수는 없음근처 카페 많음주차 한시간 가능예쁜 바다
안목해변,강릉 최애 바다랍니다바닷가에 앉아있기도 딱이에요 경포대는 탄 폭죽이 많은데 여긴 안그래서 좋아요
안목해변,바다 보기 좋아요
안목해변,역시 커피한잔하며 보는 동해 바다는 언제봐도 좋네요.
안목해변,바다는 예쁜데 커피숍 공해가 아쉬워요
안목해변,컴퓨터 바탕화면 속의 그 바다
안목해변,"한국에서 가장 인싸력 있는 갈메기들과 놀아 볼 수 있다. 그리고, 갈메기들이 사람 믿고 가까이 오는거니 제발 인간적으로 갈메기들 겁줘서 날려버리는 그런 미개한 짓은 하지말자."
안목해변,안목해변 너무 좋아요카페도 많고 바다도 깨끗하고 힐링 제대로 잘 했네요+강아지 동반 가능해요!
안목해변,강릉바다중 색이 제일 청량한것같아요!
안목해변,안목해변 풍경이 좋아요
안목해변,안목해변 카페거리랑 가까워서 좋아요!주변에 볼꺼도 많고 물도 맑아요
안목해변,"바다 이뻐요~주변에 많은 카페, 밥집도 있고 인생네컷도 있어서 가면 할거 많아요~"
안목해변,"ℹ 견소동에 위치한 길이 500m, 2만m2의 백사장이 있어서 가족 단위 피서객들에게 좋다.✌ 주변 볼거리로는 커피거리와 벽화골목이 유명하다.( 사진 - 안목해변 전경 )"
안목해변,강릉에 오면 항상 들리는 안목해변. 카페가 많아서 여기저기 갈 곳이 많아요!
안목해변,안목해변이 제일 예쁨
안목해변,강릉 여행갈 때 항상 가는 곳인데 너무 좋아요!
안목해변,10년넘게 사랑하는곳요즘엔 카페가 너무 많아서 아쉬워...
안반데기 뚜레전망대,밤에 오면 별이 이쁘게 보인다고 하는데 확실한건 낮에 가면 안되는 곳인건 맞는듯. 경사도 꽤 되고 차 없으면 가기 매우 힘들다.
연곡해변,조용하고 좋아요
연곡해변,캠핑장이 최고에요. 조용하고 아이가 모래놀이하기도 쉬기도 멍때리기도 좋은곳.
연곡해변,예약은 꽉 찼는데 빈자리가 꽤 있다. 그래서 꽤 한산하다 ㅎ (여기 예약하기 너무 힘들다 -.-) 양수양도를 하면 좋으련만 왜 안하지? 해수욕이용시 캠필객은 무료로 샤워시설을 이용할수 잇다. (여름엔 good ^^b) C구역은 취사장이 너무 멀다 ㅜ. C구역과 A구역 사이 어디쯤 취사장 및 화장실이 하나 있었음 좋겟다(바램ㅎㅎ)
연곡해변,"넘 예쁘네요 해변 안쪽 주차장은 캠핑하는 사람들 전용이라서 미리 캠핑한다고 예약하고 들어가야되서 차단기 안열어주고요, 차단기 바깥쪽에 차 대고 해변으로 들어가야하는 구조입니다"
연곡해변,직원분들 친절하고 주변이 청결합니다. 물은 당연히 맑고요. 샤워시설도 좋아요
연곡해변,뷰가 좋은곳
연곡해변,테크도 넓고  오토캠핑장인데 가격 저렴하고 나무그늘도 많고 대체적으로 깨끗함~ 다만 물이 좀 깊은게 단점?  물을 무서워해서..ㅠ
연곡해변,"정말 좋은 장소인데, 솔향기캠핑장 예약하기가 힘들어서 잠시 머물렀다 감. 그래서 4점 ㅠㅠ."
연곡해변,"해파랑길 걸으며 지나간 곳인데, 여기 캠핑장이 널찍널찍 깔끔하고 편리하게 정말 잘 만들어져있다. 아이들과 오기에 딱 좋아보임. 다음에는 캠핑하러 와야지!"
영진해변,"생각보다 넓은 해변, 도깨비 빙의해서 한 컷 찍기 좋은 데이트명소"
영진해변,도깨비 촬영지로 유명해서 갔는데 마침 방송촬턍도 하더라구요. 이쁘고 이색적인 바다풍경 좋아요.
영진해변,해수욕장이 예뻐요
영진해변,"7/19방문, 이쁘네요"
영진해변,너무 좋았다
영진해변,가족단위 물놀이 객들이 많은 해변
영진해변,드라마 도깨비 촬영지라서 이쁘게 사진찍으러방문했어요~ 사진 대박 이쁘게 나오네요!!!
영진해변,모래사장이 완만해서 아이가 모래놀이하기 정말좋아요.한적하고 조용해서 힐링하기 좋아요.화장실도 공사중이었지만 새로짓고있었고 주위에 편의점이며 먹거리도 다양하게 있네요
영진해변,조용한 해변 원하시면  영진해변 추천해요잘 쉬다가 왔어요
영진해변,아름다운 해변입니다
영진해변,영진해변 사람도 적고 완전 예뻐요!
영진해변,"파도도 세지 않았고, 아담하니 좋았습니다. (2024년 8월 22일)"
영진해변,도깨비 촬영지
영진해변,오빠~~~~~~ 신랑~~~~~~ 우리 여기 자주 오자~~~ 2021.6.16 우리 사랑 영원히~~~~
영진해변,작지만 너무 예쁜 해변. 가족들과 산책하기에 너무 좋은 곳
영진해변,박이추에서 커피마시다 창문으로 보이는 바다색에 이끌려 드라이브 온 곳최고다… 해안가 도로변에 주차하고 음악만 들어도 너무나 기분 좋고 멋있던 곳
영진해변,해수욕하기 좋은곳. 앞에 카페들이 즐비해있다.
영진해변,"너울성 파도가 크면 바다수영을 못한다.하지만 이 곳은 천연바위들 덕에 파도가 크지 않다. 그래서 아이들 있는 가족단위로 오면 좋다.1. 개인적인 그늘막과 파라솔을 설치 할 수 없다.     검은 티 입은 건장한 남성들이 못하게 막는다.     대신 그들이 형님형님 부르는 양팔에 문신 있는        남성에게 15,000원을 주고 파라솔을 빌려야      한다. 그러면 은박돗자리 하나를 준다.2. 수상안전요원이 없다.     이 곳은 수심이 앞쪽은 낮지만, 깊어지는      곳이 있어 수영금지구역으로 안내문구가      설치되어 있다.3. 깔끔하다. 그늘막에 도떼기시장처럼 사람들이     난잡하게 몰리지 않아서 좋다.4. 15,000원이 아깝지 않다.     최고에요~"
영진해변,관광지 좋아요~~
영진해변,모래사장 보면 한 숨만 나옴........
영진해변,해변 자체는 다른 동해안 해변보다 좋지는 않지만 방파제(도깨비 촬영지)에서 바라본 바다는 진짜 아름다워요..다른 해안 방파제와는 비교할 수가 없을 뿐만 아니라  영진해변에만 작은 방파제가 3 갠가 있는데 드라마에 나온 방파제에서 본 느낌이 가장 좋아요(드라마 로케 장소 전문으로 담당하는 사람들이 있다 던데 진짜 전문가들은 다르네요). 늦은 오후에 갔는데 드라마에서 나온 바로 그 바다 분위기여서 정말 정말 좋았어요.
영진해변,제일 좋아하는 해변이에요
영진해변,이때까지 본 바다 중에 젤 예뻤어요! 너무너무너무 예뻐요!!!!!!! 사람도 적어서 좋아용ㅠㅠ
영진해변,"저는 처가가 이쪽이라 매번 오는데요. 그냥 여느 동해 바다랑 다를 바 없습니다.팁이랄까? 바위 모여있는 곳이 그나마 아이들 놀기 좋고, 근데 좀 좁구요. 대신에 자잘한 고기들이 많이 있어서  간이 스노쿨링 체험하기 좋구요. 반려동물 출입 금지니 참고하시고요. 그리고 좀  외곽으로 가면 개인 파라솔이나 바람막이 쳐도 딱히 재제 없고 맘 편히 놀다오기 좋아요. 그리고 여긴 아무래도 해수욕보단 먹거리니 잘 드시고 보너스로 놀다 간다 생각하시면 꽤 괜찮은 곳이에요."
영진해변,해변 산책로를 따라가다 보면 친절한 고양이님이 어두운 밤길 헤매일까 에스코트도 해주십니다. 같이 나란히 앉아서 밤바다도 바라보고 왔어요.
영진해변,조용하고 아늑한 해변
오죽헌,신사임당.
오죽헌,오죽헌 본당만 볼 만 했다햇빛이 쏟아지고 대나무 날리는 소리도 들려 꽤 오래 머무르다 갔음
오죽헌,산책하긴 좋네요.입장료 삼천원은 좀.
오죽헌,겸사겸사 들러보긴 좋은 곳. 입장료 삼천원은 좀 아까웠지만..
오죽헌,산책하기에 좋아요-
오죽헌,신사임당
오죽헌,비추입니다. 사적지.
오죽헌,신사임당을 기리며
오죽헌,산책하기 좋아요
오죽헌,보통
오죽헌,박물관이 매우 시원하다
오죽헌,개천절을 맞아 갔는데 도로침수로 못감.아쉬어요
오죽헌,"잘 관리하고 있는것 같은데, 입장료가 너무 비싸요"
오죽헌,"1. 걷기좋은 곳입니다.2. 유적지입니다.3. 입장료 있고, 무료 주차장입니다."
오죽헌,역사적 관광지로 좋네요입장료도 저렴하구요정원도 나름잘되어있습니다강릉가시면 필수로가셔야죠
오죽헌,깔끔한 공원. 입장료는 왜받는지 이해가 안가는 곳 🤔
오죽헌,강릉에 왔음 한번쯤은 가봐야죠
오죽헌,역사관광지.
오죽헌,주차하고 입장료사고 잘보고가요
오죽헌,가장 오래된 건축물이라고 하던데보존이 아주 아주 잘 되어 있음
오죽헌,"이번 강릉 여행 하면서 가장 좋았던 곳. 오죽헌이었어요. 입장료 3천원인데 볼 거리 풍성합니다. 둘레길도 적절했고, 박물관과 체험 부스도 꽤 많고 집이나 터 내부를 많이 공개해줘서 몰입돼서 좋았어요."
오죽헌,한국의 어미와 아들의 깊은 감동의 역사
오죽헌,아이들을 위한 교육 장소? ㅋㅋ
오죽헌,깨끗하고 분위기좋음
오죽헌,오천원권에 벼루가 있는지 처음 알게됐다. 미세먼지가 없어서 너무 좋았다.
오죽헌,18.05.29
오죽헌,"문화재 설명도 잘 되어있고밥먹고 산책하기 딱좋았음,,"
오죽헌,"춥긴했지만,풍경이 좋습니다^^"
오죽헌,찾기쉽고  잘보존되어잇슴정비가 잘되어잇슴
오죽헌,꽃 피어있는 게 너무 예쁘고 관리가 잘 되어 있는 것 같아요! 산책 겸 해서 적당히 도는데 1시간-1시간 반 정도 되는 것 같습니다. 다만 이렇게 더운 날씨에 실내 기념관?에 에어컨 하나 안 틀어져 있는 건 아쉬웠어요...ㅜㅜ
오죽헌,좋아요 여름에 더우니 양산 챙기세요
오죽헌,배롱나무 이뻐요~박물관도 있고 아이와 가면 좋을거같아요
오죽헌,볼거리는 좀 부족하다는 느낌이 들지만 전반적으로 만족
오죽헌,오죽헌 - 아름다워요
오죽헌,초딩 고함고리에 애 우는 소리에 소음공해가 엄청남. 뉴스 보도자료와 달리 백신 인센티브도 없습니다.
오죽헌,볼 건 없어요. 근처에 있다면 잠시 들릴 정도입니다.
오죽헌,그냥 한옥 건물 좀 있는 관광지인줄 알았는데 의외로 구성이 알차고 잘 꾸며나서 좋았음특히 신사임당 그림과 매치시켜 키우는 농작물들이 가장 기억이 남음
오죽헌,볼거리들도 많고 자연도 예쁘네요^^
오죽헌,"숲 속 산책길과 초충도 화원이 좋았다. 뜬금없는 드라마 사임당 출연제작진 핸드프린팅은 그렇다 치고, 입구에 ‘세계최초 화폐 모자 오만원 오천원’ 이건 좀 치우시길. 그분들의 혼과 얼, 인성교육을 논하면서 오만오천원은 너무 저렴하지 않나."
오죽헌,산책하기 좋았어요
오죽헌,유적에 비해 공원 면적이 왜 이러나 싶을 정도로 넓은 ㅎㅎㅎ 종류별로 식물들이 있는 게 가장 유니크함
오죽헌,걷기에 가족단위로 괜찮음 산책하기도 좋고 어르신들에게도 좋음
오죽헌,"오죽헌 자체도 멋지지만, 아늑한 숲길과 정원, 정자가 넘 좋았음! 코로나시국이지만 평일이라 사람 별로 없었고 특히 뒤쪽 숲길은 아무도 없어서 홀로 산책하며 힐링하기 넘 좋았음."
오죽헌,덥기 전에 다녀와서 딱 좋았어요~^^
오죽헌,문화해설사 선생님 설명 무척 재밌게 들었습니다. 추천합니다.
오죽헌,고즈넉하니 가볍게  산책하며 걷기좋으네요 강릉오면 꼭 오는곳이기도 하구요.
오죽헌,오죽헌 야외/외부 외엔 모두 휴관이라 볼게 별로 없었습니다 코로나 끝나면 재방문하겠습니다
오죽헌,즐겁고 유익한 곳이었습니다.아이들과 같이 가서 좋은 추억 만들고 갑니다.5천원과 5만원의 의의도 다시.알게.되었습니다.
오죽헌,좋아요
오죽헌,문화해설사님 꼭 신청하세요~너무 뜻깊은 시간이였어요!정말 감사합니다^^
오죽헌,아이들 교육상 좋아요!
오죽헌,이번 강릉 여행에서 오죽헌이 가장 의미있었던 것 같아요ㅎㅎ 성인 3000원 입장료 내고 들어갔지만 볼 거리가 충분해서 아깝지 않았어요. 설명도 잘 되어있구요! 오죽헌 자체도 예쁘지만 강릉시립박물관도 함께 있어서 구경하기 좋았습니다. 어린이와 함께 가신다면 인성교육관 보고 나가셔요~~ 참여형 문화체험이 가능합니다 ㅎㅅㅎ
오죽헌,포토존
오죽헌,오래전에 방문해서 언제 이렇게 재정비 한지는 모르겠지만고즈넉한 느낌은 온데간데없고 그냥 아무곳이나 다있는 그냥 박물관 느낌으로 변질오죽헌과 상관없는 강릉 유물?들 즐비3천원 대비 볼게 너무 없었음실망이다..
오죽헌,사진찍기 좋르아요 푸릇푸릇
오죽헌,가족끼리 잘 보고 왔어요. ㅎㅎ
오죽헌,시설깨끗하고 구경하기 좋았습니다
오죽헌,그다지 볼 것 없음.
오죽헌,20200214
오죽헌,great place to go with kids
오죽헌,최고
오죽헌,한번보기에 충분합니다.깨끗하게 잘관리되어있어요
오죽헌,이뿜
오죽헌,강원도 나들이에 둘러보기좋아요
오죽헌,구경할거리도 많고신사임당과 율곡이이에 대해 자세히 알 수 있었습니다너무나도 인상깊은 곳
오죽헌,견득사의
오죽헌,고등학생때 가보고 몇십년 만에  다시 가보니 감회가 새로웠어요. 널고 깨끗한 곳에 역사가 담뿍 담겨 있어요. 해설사님의 노래하는 듯한 멋진 해설이 인상깊어요.
오죽헌,좋았습니다.
오죽헌,산책겸 걷기좋았고 관람하기에도 넘 좋았어요~ 7살딸아이에게도 유익한 프로그램이었습니다~!계절마다의 느낌이 달라서봄과 가을에도 와보고싶네요~
오죽헌,깨끗하고 좋음
오죽헌,"이 지역에 올 때마다 가 봐야지 하면서도 미뤘었는데, 주차도 편안했고  볼거리도 생각보다 많았습니다."
오죽헌,아래댓글 사람 좋음
오죽헌,볼 것도 많았고 유익했어요 날이 좋았다면 아름다웠을듯! 아버지 환갑여행 중 들린 한 곳이었는데 고즈넉하고 좋았습니다 ^^ 강릉오죽한옥마을 숙박 이용시 50퍼 할인 받을 수 있어서 더 좋았어요
오죽헌,"江原道地大戶外景點超多❤️❤️❤️「烏竹軒」因房子周圍種植深色竹子而得名，是朝鮮時代大學者「栗谷李珥」與其母「申師任堂」的故居，也是江陵地區最具代表性的古蹟。建於朝鮮時代早期的烏竹軒，是韓國住宅中歷史最悠久的木製建築，也因其在建築史上的重要性，於1963年被指定爲寶物第165號。如果仔細看就會發現李珥和申師任堂分別是韓幣₩5,000和₩50,000紙鈔上的人物。李珥是李元秀與申師任堂的第三個兒子，也是位知名的儒學家，因對國政及教育頗有貢獻，被世人敬佩；申師任堂則是朝鮮中期的女性書畫家、作家、儒學者和詩人，是朝鮮歷史上良妻賢母的典範。而在園區中還有之前李英愛與韓劇《申師任堂》劇組一同來拍攝時，所留下的手印。"
오죽헌,볼거리가 많고 가이드설명이 유익해요
오죽헌,넓고 볼것두 많아요.
오죽헌,아주 좋은 유적지. 꼭 보고가세요
오죽헌,유교사상과 성리학 (정말싫다)지금도 제사나 남존여비근원...짜증강릉 간김에 그래도 가보자하여감 평일 낮이라 그런지 사람 거의없음 실내박물관은 유적물등전시되어있고 생활에 쓰이던 물건들은 어릴때 봤던것들이 제법있음 후딱후딱 둘러봄 그냥 넓은 공원날이 이렇게 좋고 사람도 없는데 마스크를 껴야한다는게 아쉬움별로 볼건없음 둘다 왜 지폐에 있는건지사임당보단 유관순이 차라리 낫겠고 이순신이 100원짜리가 말이됨? 고구려역사 빼앗으려는 중국견제를 위해서도 5만원권에 광개토대왕을 넣어야하는건데....난 별로 이이나 사임당의 공헌을 모르겠고 업적에 비해 대우가 좋은듯싶음한쪽방향 세뇌교육
오죽헌,생각보다 꽃이 많아서 산책 겸 좋아요.
오죽헌,입장료 3천원. 안에 크게 별건없고 오죽헌 보면 끝이긴한데 날씨가 좋아서 힐링하고옴. 신선처럼 쉬다감^^
오죽헌,볼 게 많은게 중요한게 아닙니다이 장소가 가진 의미가 중요한거죠해설도 같이 꼭 들으세요 추천추천
오죽헌,"많은 볼거리를 위하기 보단 오죽헌이 가진 의미가 좋았고, 가족들과 잠시 들러 얘기하며 산책하기에도 좋은 공간이었습니다."
오죽헌,"입장료3천원이고, 산책하기 좋아요~~돈안아까우니 한번씩 들려봤음 좋겠어요"
오죽헌,왜인지 모르겠으나 너무 잘 되어있음입장료 싸고 컨텐츠 다양
오죽헌,입장료도 저렴하고 주차 편하고 안에 체험할 곳도 있고 구경하기 좋아요.
오죽헌,산책하기도 좋고 볼거리도 많은 곳우리 아이가 율곡 이이가 되고 애들 엄마가 신사임당이 되길 바라면서 가는곳 신사임당의 좋은 가르침이 글귀로 남아있어서 볼 수 있다.
오죽헌,둘러보기 좋은 곳
오죽헌,한가롭게 공원을 거닐며 공기가 맑아서 기분이 좋아졌어요 ~~생각보다 많이 넓고 이율곡선생님의 생가터를 보며 감동과 바램을  기리며 아울러 그옆에 화폐박물관도 관람을 하고 왔습니다 👍
오죽헌,"현존하는 가옥 중에서 역사가 가장 오래되었다기에 본래 모습인가 했더니, 정화 사업 때 다 철거하고 복원한 것이라고 하는 기사가 있네요. 실제 역사의 현장을 보고 싶었는데 좀 아쉽습니다. 그래도 내부에 박물관들도 있고 꽤 넓어서 걸을 만해요. 화폐 박물관에서 한국 화폐 역사를 보니 새롭기도."
오죽헌,재밌었습니다!!
오죽헌,"(2023.08.13 방문) 5만원권과 오천원권의 배경인 오죽헌. 율곡이이의 초상화 앞에 향을 피우고 아이들이 책과 친해지길 빌고, 신사임당과 율곡이이가 잘 가꾼 율곡매를 보니 너무 멋지네요. 참 마음 차분해지는 곳입니다."
오죽헌,볼거리가 많아요~ 👍
오죽헌,"장 : 고즈넉한 분위기, 화폐전시관, 저렴한 입장료단 : 날씨빨 많이 받음의외로 기대 이상인 관광지산책겸 가볍게 둘러보기 좋음5000원짜리 지폐 필수"
오죽헌,해설 프로그램을 꼭 들어야 합니다.
오죽헌,3번째 봄..가을.겨울방문 박물관 좋아요
오죽헌,아이 숙제 아니었으면...
오죽헌,잔잔하고 조용하고꽤 넓은 야외공간보물같은 한옥주거공간
오죽헌,참 깔끔하게 유지되는 곳으로 느껴졌습니다.우리나라 역사에서 최고의 석학중 하나인 율곡이이의 출생지가 작고 허름한 방인게 .. 사람의 잠재력은 공간으로 제어할수 없음을 깨닫고 갑니다. 화폐박물관도 너무 좋았습니다. 아기가 딸려서 가족사진 하나 찍기어려운데 포토존이있어 좋았습니다 . 강릉오시면 오션뷰도 좋은데 여기도 꼭 들르세요-¡
오죽헌,한적하니 좋습니다. 이이와 신사임당에 대한 설명도 가득합니다.
오죽헌,볼거리도 다양하고 시간대 잘 맞춰가면 설명들으면서 다니는 것도 좋을 거 같아요
오죽헌,굉장히 멋있네요박물관은 크진 않아요구석구석 보셔요
오죽헌,오죽헌 해설사 선생님이랑 시간 맞춰서 꼭 해설도 같이 들어보세요. 오죽헌 여러번 가봤는데 해설 들은 날이 가장 좋았네요 ㅋㅋ 아이들이랑 가기 정말 좋은 곳이에요 지폐 박물관부터 미디어아트까지 유익하게 잘 만들어뒀어요 ㅋㅋ 여기서만 5시간 놀아버림 ㅋ큐ㅠㅋㅋㅋ
오죽헌,입장료도 싸고 주변 박물관도 함께 둘러볼 수 있어 좋았습니다
오죽헌,⭐️⭐️1/2…(2014년에 방문)여기…그럭저럭…
오죽헌,강릉 오죽헌 오죽(까만대나무)
오죽헌,강릉 여행할때 꼭 들러요찬찬히 둘러보기 좋구 시간 맞으면 해설자분 설명도 들을수 있어 좋음.
오죽헌,입장료 받기에 조금 아쉽지만 볼만 해요.
오죽헌,걷기좋은 포토존
오죽헌,강릉 시민의 날에 와서 입장료 0원이네요박물관 너무좋아요
오죽헌,뷰도 괜찮았고 시설도 좋았습니다. 진짜 지폐에서 본그림이 정말로 똑같았어요^^
오죽헌,산책로 포토존 나들이 걷기좋은
오죽헌,입장료가 생각보다 비싸요
오죽헌,기대없이 갔는데 조경도 잘되어있고 건물도 관리가 잘되어서 기분 좋게 다녀왔어요~ 아이들은 인성교육관에서 정말 신나게 놀더군요~사진도 많이 찍고 기념품샵에서 대나무 부채도 사고 재미있었어요
오죽헌,한번쯤 가볼만한 곳!
오죽헌,괜차늠
오죽헌,엄마아빠가 가고싶어 하셔서 별 기대없이 갔는데 생각보다 너무 재밌게 봤어요!!! 폭염주의보인 날이었지만 안에 실내에 다양한 체험들과 구경거리가 생각보다 많아서 덥지만 중간중간 쉴곳이 다 있어요!!성인 입장료 5000원(1명) 아깝지 않게 잘 보고 잘 즐기고 왔어요!!! 다만 그늘이 많지는 않아서 양산 필수!!!
오죽헌,율곡이이 보러다녀왔어요 분위기좋음 ㅎ
오죽헌,볼게없다.
오죽헌,사람 많이 없고 좋아용 ㅎㅎ
오죽헌,정말로 오죽이 있더군요.  오래전 가서 지금 모습은 또 다를 듯. 요즘도 오천원권 꺼내서 비교해 볼까.
오죽헌,주말이라 사람이 엄청 많아서 정신이 좀 없었지만 잘 가꾸어진 권역과 신명나는 농악 공연이 인상깊고 좋았어요 :)
오죽헌,화폐박물관 재밌음해설사님 설명 아주 상세하고 재밌음산책하기 좋고 매화와 산수유 예쁨
옥계해변,파도도 잔잔하고 물도 깨끗합니다.지금은 초가을이라 옥계해변 쪽에는입수하는 사람들이 없네요. 한적하고 좋아요.
옥계해변,작년 봄에 캠핑다녀왔는데 너무 아름답고 좋았던 곳 입니다~
옥계해변,여긴 나만 알고 싶은 곳...
옥계해변,토욜 묵었던곳^^좋아요♡
옥계해변,"성수기 끝물이지만, 사람 적어서 좋았습니다.소나무 그늘도 충분히 있어서 최고 입니다.한가지 아쉬운건, 바다에 출입금지 부표가 너무 가까워요.부표 앞에서 일어나보면 허리도 안오는 물 깊이 입니다.(제키 174입니다)조금만 물놀이 할 곳이 넓어지면 좋겠어요"
옥계해변,"결론부터 말하자면 몸은 힐링인데 마음은 더러워지는  옥계해수욕장 입니다.해변이 넓고 소나무 숲도 잘 조성되어 있습니다.하지만 마을 운영위원회라는 사람이 수시로 돌아 다니면 일명 자릿세 명목으로 7월.8월에는 기본 15,000원 씩 받습니다.텐트가 좀 크다 싶으면 2만원~.우리텐트는 2인빽패킹용(200*150) 입니다.물론 카드나 영수증 않됩니다.그냥 1일 이용건 명함크기 스티커 한장 .무조건 현금받아 주머니에 넣더군요..장부 기재 이런거 없습니다.관리비 사용처 물어니 청소,물,전기 등 우물쭈물~ 그냥 그렇게 사용 한답니다. 그렇구나 했는데 주변 수시로 봉사하시는 분들을 마주치게 되어 너무 고생 하신다고 말씀드리며 관리비로 인건비.안전요원등.청소,수도등에 사용하시냐고 여쭤보니 청소용역.수도시설.가로등 전기는 시 에서 모두 지원받으며 주민운영위원회에서 일절 아무관계가 없답니다.그러면서 제가 관리비 명목으로 15000원 줬다고 하니 저희 텐트를 보고 저렇게 작은 텐트를 15000천원  받다니 너무 했다고 합니다. 뒤 늦은 후회 ....말그대로 조폭도 아니고 그냥 동네앞이라고 아무런 보상도 없이 자리셋 받다니 이건 아니다 싶네요.도대체 관할행정 부서는 이런걸 용납 합니까? 차라리 관할행정처에서 관리비를 받고 영수증처리 하세요. 눈뜨고 당해보니 어의가 없네요.산책하며 둘려보니 대략 성수기 하루 300동은 칠수있을것 같은데 대략 계산해서 하루 4백오십만원씩  성수기2달이면 2억칠천만원 입니다. 세금 한푼 않네고 고스란히 그 동네 개인 주머니 들어 갑니다.가만보니 한사람이 돈 받으로 다니니 충분이 개인이 착복 가능 합니다.잔돈 주려고 주머니에 꺼내니 정리 되지 않는 돈뭉치가 장난 아니였습니다.옥계해수욕장 주변환경 캠핑환경 좋아요.하지만 동네 주민에게  무상 공양 받치며 캠핑 하지 마세요.관할관청 알면서 모른척 하는건지 이런건 시정조치 하세요..강릉시 그리고 옥계면 관할 기관장님들 정신 챙기세요.더러운 기분 때문에 다시는 옥계 해수욕장 않갑니다.2020년 대한민국 강릉시 옥계 해주욕장은 몸은 힐링인데 마음은 더럽습니다."
임해자연휴양림,이틀 머물고 왔는데요.시설은 쏘쏘뷰는 최고예요.
임해자연휴양림,봄에 가니 진달래동산^^ 바다도 보이고 조용하고 다음에도 가려고요.
임해자연휴양림,가장 최근에 지어졌다는 구름동. 넓고 깨끗하고 베란다에 심어진 꽃이 인상적.
임해자연휴양림,"휴양림의 끝판왕경치, 숙소, 직원들의 친절함 까지 최고였습니다제일 위에 있는 하늘동이  경치는 최고"
임해자연휴양림,"바다보이는 풍광이 끝내주고,휴양림 근처산책길도 좋고,직원들이 관리를 참 잘합니다."
임해자연휴양림,새로 리모델링을 한건지 시설도 깨끗하고 조용하고 묵기좋았어요!
임해자연휴양림,여기처럼 씽트대 깨끗한 휴양림은 없었다아침에 해돋이도 장관이고너무 깊숙히 있어서 그게 좀 흠이다
임해자연휴양림,전망이 좋고~~
임해자연휴양림,다음엔 자러 와봐야지.
임해자연휴양림,인근 해수욕장과 가까운 위치
임해자연휴양림,2019년 3월 숙박전망이 매우 좋습니다. 뒤에 괘방산 활공장 올라갔다오면 좋아요
임해자연휴양림,주방기.청소.욕실.뷰  good . 침구는? 직원 친절 감사 합니다
임해자연휴양림,유일한 바다를 볼 수 있는 휴양소라는데  바다를 보기란 하늘동 일부를 제외한 곳은 그냥 숲속에 있다고 생각하면 됩니다. 바다가 멀고 지평선만 보여 하늘과 진배 없어요. 오르는 길도 가파르고 실내 인테리어(바닥)도 좀 해야 것어요.
임해자연휴양림,너무 좋습니다. 점점 사람들에게 많이 알려져서 숙박예약이 쉽지 않네요 ㅠㅠ
임해자연휴양림,"바다가 한눈에 보이는 전망이 정말 멋진 곳입니다. 구비된 식기, 침구도 모두 깨끗하고 구성품목이 적절하게 잘 갖추어져 있어요. 수건과 마실물을 매일 제공해주어서 편리했어요. 그간 다녀보았던 휴양림 중에서 최고라고 인정합니다. 계속 가보고 싶은 곳입니다. 강추입니다☆☆☆☆☆"
정동진해변,경치
정동진해변,시원한 바닷가 편위시설도 좋았습니다
정동진해변,전경 좋아요. 워낙 유명해서 말않해도 아실꺼에여
정동진해변,경치는좋아요아쉽게 근처 공사중조각공원 좋아요 넘이쁨혼자보다 데이트
정동진해변,"정동진 일출 징짜 예쁨엄청 진하고 파란 바다와 진한 주황빛, 빨간빛의 일출이 예술새벽에 출발해서 바다 보며 컵라면 먹었는데 꿀맛이네용 ㅠㅠ"
정동진해변,사진 둘러보다가 생각나 남깁니다. 옛날과는 많이 달라졌으나 여전히 아름다운 곳입니다.
정동진해변,좋긴한데. 좋긴한데 모래들 때가 신발에들어가요ㅠㅡㅠ
정동진해변,정동진역 옆. 바로 앞에 무료 주차장도 넓게 있어서 좋았습니다.
정동진해변,무료주차 가능
정동진해변,⭐️⭐️⭐️1/2…(2014년에 방문)여기…가볼만해요…👍…
정동진해변,뷰 👍
정동진해변,그냥 평범.... 해돋이보기는 좋을듯
정동진해변,그냥 바닷가인데.. 제일 동쪽이고 해돋이를 볼수 있고.. 그래서 유명세를 타고 모래시계에도 나왔고~
정동진해변,최고에요~
정동진해변,아름다움
정동진해변,밭에 감자 옥수수. 식재
정동진해변,"ℹ 드라마 "" 모래시계 "" 촬영지로 유명한 정동진.✌ 지금은 해돋이로 명소로 수 많은 인파들이 해돋이를 보려고 찾아온다.✌ 주변 관광지로는 "" 레일바이크 "" "" 썬쿠루즈 호텔 "" "" 정동진역 "" "" 정동진 해수욕장 "" 등이 있다.⚠ 고현정이 생각나는 추억 속의 장소.( 사진 - 해수욕장 전경 & 썬쿠루즈 호텔 전경 )"
정동진해변,너무나도 깨끗한 바다!
정동진해변,강아지랑 산책하는데 누군진 모르지만 욕먹기전에 강아지 데리고 돌아가라는곳. 두번다시  근처도 안갈거다
정동진해변,철도역에서  내리면  바로 바다산위의  배한척 ㅋㅋ 나머진  다른 관광 명소보다 못함
정동진해변,오전에 가니 사람도 적고 바다도 반짝반짝 힐링
정동진해변,너무이뻤어
정동진해변,"정동진은 국민 여행지, 관광지 인정.. 바다, 산, 철도.. 모든 낭만이 다 모여잇음. 식당들은 보통.. 지자체에서 여행객들 배려한다는 느낌 들 정도로 주차장, 화장실, 포토존, 볼거리들을 곳곳에 많이 배치해서 정말 편리함"
정동진해변,날이흐리지않아도 구름 조금 끼면 일출보기어렵네요
정동진해변,드라마서 보고 담날 바로 달려요요 ^^시원시원 ^^~ ..
정동진해변,경복궁에서 일직선으로 동쪽에 위치한다 해서 정동진아무것도 없는 바다이지만 기차역이 운치를 더해 주고시원하게 밀려드는 파도가 근심을 없애준다
정동진해변,tmap헌화로 (해안도로)정동진 정서진 정남진 중강진
정동진해변,그냥 마냥 좋구나 ㅎ
정동진해변,좋음
정동진해변,겨울에 가면 진짜 겨울바다바람의 매서움을 느끼게 해주는곳
정동진해변,정동진해돋이
정동진해변,정동진역에서 모래시계공원을 거쳐 썬크루즈 부근까지 둘러보시면 좋습니다.
정동진해변,\U0001faf6\U0001faf6
정동진해변,"해변 자체를 즐기시기 좋은 곳. 정동진역은 이젠 내부로 못 들어가고바다를 바라보고 오른쪽 모래시계공원에 레일바이크,시간박물관이 있어요..시간박물관은 비추,절대적 패스.ㅋㅋ"
정동진해변,힐링
정동진해변,티비로봅시다
정동진해변,다리가 생겼네요
정동진해변,正東津
정동진해변,배는 대양을 향해 항구를 떠나고 싶다.
정동진해변,생각보다 작아서 가볍게 산책하기 좋아요. 갑작스레 파도가 들이쳐서 한쪽 바지 신발 다 젖었지만요.....ㅎㅎ
정동진해변,잔잔한 해변
정동진해변,예전이나 지금이나 변함없이 맘편한 장소... 앞으로도 기대되는 정동진!
정동진해변,바다가 장난 아니에요넘칠 거 같아요 조심
정동진해변,겨울에는 해돋이 명소 아님인공 구조물 다리 사이로 해가떠서 보기 않좋아요 왜. 저런걸 만들서 경관을 망치는지해변모래도 깍여서 벼랑처럼 파이고몇년 만에 벼르고 해돋이 보러 왔다가. 실망 입니다
정동진해변,더러워
정동진해변,왕 큰 해를 보고싶다면 정동진 이래서 일출맛집이구나.
정동진해변,경치  환상입니다
정동진해변,너무 좋았어요~
정동진해변,특색이 사라졌어요. 예전 그 정동진이 아니네요.
정동진해변,일출명소 산책로 포토존
정동진해변,.
정동진해변,설마 했는데 정동진에 왔다고 많은 분들이 일출을 보러 나왔더군요 정기 받아갑니다 !!!! 근데 해변 들어가는 굴다리가 협소하고 후미진데 해변 정비 사업을 좀 했으면 좋겠네여
정동진해변,예뻐요
정동진해변,일출의 명소. 하지만 주차공간은 너무 협소하니 해돋이 관객분들은 일찍 오셔야해요
정동진해변,한번쯤은 가볼만한 장소. 의외로 바다가 참 예쁨. 그리고 해가 완전 큼
정동진해변,15년전과 비교해서 변한게 거의 없음.좋은건지 나쁜건지... 걍 지나가다 들려볼만한 곳으로 바뀐듯...
정동진해변,"정비해서 보기 좋고, 소나무숲과 바닷가에 반려동물 입장이 안되어요."
정동진해변,바다뷰가 진짜 좋아요
정동진해변,어쩌면 모두의 추억
정동진해변,SBS드라마 모래시계로 유명해진 해변
정동진해변,썬크루즈 호텔을 봤는데...그불빛이 멋졌습니다.
정동진해변,"25년 만에 와봤는데, 많이 개발되어, 민박촌에서 길 건너면 바로 백사장이었던작고 소소하던 해변이 아니게 되었네요. 그래도 뉴스 통해서 들었던, 난개발로 망가졌다는 얘기만큼 심하게 훼손되지 않아서천천히 걷기 좋았습니다."
정동진해변,바닷가에 개인돗자리 파라솔 피면 돈 받는답니다강릉시에서 개인한테 바다해변 임대줘서 수익내나보내요유념하시고 방문하세요
정동진해변,진짜 예쁘고 진짜 가봤던 바다 중에 제일 좋앗습다👍🏻👍🏻 진짜 추천👍🏻
정동진해변,일출명소 레일바이크
정동진해변,정서진에 비해 볼 게 많음
정동진해변,물이맑고~경관이좋와요
정동진해변,좋아요
정동진해변,정동진은 답답할때 자주 찾는곳입니다.이번에도 당일치기로 갔다왔는데 우리는 저녁기차 시간이 다가와서 가까운데서 여유롭게 즐기고 가고싶은데 택시기사 아저씨들이 목적지까지만 태워다 주면 되는데 왜자꾸 영업을 하시는지!!! 이번에 가니 타는 택시마다 자꾸 영업을하려해서 짜증이 올라왔네요 아무리 생각을해도 택시 가이드해주겠다는 곳까지 갔다오면 촉박하고 늦을거 뻔한데 계속 넉넉하다 괜찮다 돈독이 올른것인지 손님 입장에서는 생각을 전혀 안하더군요 그게 이번 여행때는 너무 짜증났네요.
정동진해변,예뻐요 🌊🌊🌊🌊🌊🌊🌊🌊🌊
정동진해변,정동진 = 바다.비오는 날이지만 역시 멋짐폭팔.
정동진해변,너무 아름다운 동해마다가 한눈에 보이는 장소
정동진해변,그냥 바다.. 이쁜곳은 다른 동해안에 많음
주문진방사제,여기서 사진 찍었는데 너무 잘나옴
주문진방사제,노을과 파도가 예쁜 곳
주문진방사제,맛있어요
주문진방사제,사진찍기 괜찮음
주문진방사제,"방파제에서 사진찍기 좋고 바다는 예쁜데, 주변에 아무것도 없어서 지나가는 길에 들리면 좋은 정도"
주문진방사제,도깨비 촬영장소로 유명한 곳!줄서서 사진찍을 정도는 모르겠어요ㅎ
주문진방사제,도깨비촬영지로 갔는데 짱 좋았음 사진찍는데 웨이팅함
주문진방사제,목요일 11시쯤에가니 사람 2~3명만 있어서 금방 찍었어요. 근데 파도가 중간에 세게 쳐서 옷 버릴수 있으니 조심하세요.
주문진방사제,입장료는 없음주말 낮시간대에 가면 사람 많으니 주의하시길 바랍니다
주문진방사제,「孤單又燦爛的神-鬼怪」韓劇鬼怪中最具代表性的拍攝景點絕對就是位於江原道江陵市注文津領津海的防波堤，原本只是平凡的防波堤，在鬼怪播出後，這裡就成了鬼怪迷都知道的金信與池恩倬初次見面的地方。 #海岸邊天氣好
주문진방사제,겸사겸사 들리면 좋은 곳!사진만 찍고 호다닥
주문진방사제,저는 드라마 안봐서 잘 모르고 바로 옆 백사장에서 갈매기님들이랑 같이 놀았는데 시간 가는 줄 몰랐어요!!
주문진방사제,도깨비 첫 맛남 촬영 장소...
주문진방사제,"도깨비 촬영지 중 한곳. 방사제 외 아무것도 없어요. 모래사장도 거의 없고, 길도 좁아 기념사진 촬영 외에는 할만한 일이 없다는 점이 아쉽습니다."
주문진방사제,여기 사진 찍으러 고생하며 올 필요까진 ? ...
주문진방사제,진짜 예쁘고 사진도 잘나옵니다👍👍힐링하다가 가는 느낌이네용
주문진방사제,맞은 편 젤라또 가게에서 꽃다발 목도리 빌려주더라구요 근데 드라마 안본 사람한테는 감흥이 없는 곳이었어요.. 바람 엄청 불고 아직 좀 추웠어요
주문진방사제,멋져요
주문진방사제,방파제가 하나만 있는게 아니였네요^^ 진짜 촬영지는 사람이 많아서 옆 방파제에서 찍었어요^^ 세븐일레븐 편의점 뒤쪽으로 작지만 주차장있어요. 화장실도 있구요~
주문진방사제,도깨비 촬영지도깨비 팬이엿던 분들은 한번가셔서 사진찍고 오시는것도 나쁘진않을거같아요
주문진방사제,사진을 찍었으면 다음사람을 위해서 좀 피해줍시다 !거깃 한참을 앉아서 노닥거리고 왜 그럽니까 ?
주문진방사제,기대1도 안했지만 주변에 공사하다보니 영 별로였습니다 그냥 근처 카페 전망대 올라가서 감상하세요
주문진방사제,사진 잘 나오는데 방파제에 부딪히는 파도에 바닷물 샤워할 준비는 하셔야해요ㅋㅋ..
주문진방사제,도깨비 촬영지
주문진방사제,일출 짱!
주문진방사제,현재는 큰 공사중이라 접근하지 못하고 입구서 바라만 볼수 있어요~ 도깨비 방송되기전에는 그냥 평범한 여러개있는 방사진중 하나였는데...특별한 풍경은 없어요
주문진방사제,하필갔을때 공사한다고 막아놔서 제대로못봤네요 바람 엄청 불어서 파도장난아니였어요 그래도 경치는 쵝오
주문진방사제,바다가 이쁨
주문진방사제,정~~~~말좋았음 다들사진도 열심히찍어주시고 겨울추천!
주문진방사제,(2023.06.04 방문) 현재 공사 중. 그래도 안쪽 까지는 갈 수 있음. 도깨비 촬영 장소로 매우 유명한 곳.
주문진방사제,예뻐요 🌊🌊🌊🌊🌊🌊🌊
주문진방사제,사진 기가막히게 나오네요. 사진들 찍기위해 줄이 쫘~아악. 하지만 즐거웠어요. 잠고로 저희는 주차를 근처 도깨비쉼터공영주차장(강원 강릉시 주문진읍 교항리 48-202)에 하고 걸어갔습니다.
주문진방사제,도깨비
주문진방사제,밤에 가시면 안됩니다 아무것도 없거든요.. 낮에 여친 남친 꽃들고 가서 사진찍으시면 이쁠것 같아요
주문진방사제,도깨비방파제
주문진방사제,20230920
주문진해변,바다 색감이 너어무 맑고 예쁘다. 역시 동해 바다···
주문진해변,바다가 진짜 예뻐요. 리뷰 보면 칭찬 일색이던데 이유가 있더라고요. 올 여름 갔다온 해수욕장 중 제일 좋았어요.
주문진해변,"갑자기 간 주문진, 좋았어"
주문진해변,바다가 새파래서 너무 예뻤어요 캬
주문진해변,아 정말 아름다웠던 바다.
주문진해변,차박하기 좋은 해변파도소리가 우렁차네요.
주문진해변,이번에도 소원탑 행사 하겠지
주문진해변,성수기가 아닌 시기 평일에 가니 탁트이고 조용한 동해바다를 즐기기에 좋았다...곳곳에 사진 포인트도 있어 삼삼오오 즐기는 사람들이 있고 BTS정류장도 있음~ 관리도 깨끗하게 잘되어 있어 좋아요~
주문진해변,인생으로 가본 적이 있는 해변 중에 제일 아름다워요. 공기 냄새가 최고 좋았고 먼지가 가장 적었어요.
주문진해변,멋지고 넓찍한 해변해변으로 가는길도 이쁨
주문진해변,제주도바다보다 예뻐요.... ㅠㅠ 에메랄드빛
주문진해변,진심 저만 알고 싶은 곳이네요
주문진해변,주차장도 넓구 바다가 에메랄드빛..너무 이뻐요 바람쐬면서 멍때리는거 좋아하시면 추천~
주문진해변,주차하고 바다뷰감상하며 해안길 걷기 좋아요♡
주문진해변,아름답고 해외같은곳 ^^
주문진해변,향호해변은 역시다.
주문진해변,잘 정비되어진 바다산책로와 조형물넓은 주차장과 상가들
주문진해변,주문진이 좋아서 이사갑니다.  수도권의 혼잡하고 시끄러움을 벗어나 주문진 일출과 바다에서 쉬면서 커피 마시면서 일도 하고 맛있는 회도 대게도 자주 먹으면서 일도 하려구요.. 코로나가 오래 갈 거 같아서 수도권 집 정리해서 내려가요..
주문진해변,아름다운 해변입니다.
주문진해변,동해안의 해수욕장들중에서 흔하게 볼수 없는 먼곳까지 해수면이 완만해서 아이들이 안전하게 놀기에 참 좋습니다안전요원분들도 열심히 시고요저희 아이가 해류에 떠밀려 깊은 바다로 가니까 바로 가서 안쪽으로 끌고오시더라고요뭐라고 혼내지도 않게 아이가 놀라지 않게 ~!18시에 그분들이 퇴근을 하셔서 수영은 그때 끝납니다이후에는 수영이 금지여서 얕은곳에서 조개잡이만 했습니다
주문진해변,좋아요
주문진해변,한가할때 오면 더욱 좋아요. 동남아 어느 해변보다 좋네요. 쓰레기가 없으면 더 좋겠네요.
주문진해변,이름에서 느껴지는 분위기와 달리 상업시설 거의 없고 조용함. 그래서 파도소리가 유난히 크게 들린다. 해안선이 아아득히 펼쳐진 노을이 아름다운 바다~
주문진해변,포토존이 이뻐요 바다 힐링하고 가세요
주문진해변,너울성파도
주문진해변,탁트인 바다~ 넘 좋아요
주문진해변,20230920
주문진해변,예뻐요🐙🐙🐙🐙🐙
주문진해변,와 바다다!
주문진해변,"모래가 곱다. 규모 적당하고, 해변 앞에 소나무가 펼쳐져있음."
주문진해변,좋움
초당순두부마을,기대보다 맛은 보통인데 가격이 넘 비쌈
초당순두부마을,기대보단... 정식시키면 나오는 황태구이 맛있음
초당순두부마을,7시에 대부분 문닫습니다 참고하시길
초당순두부마을,아기자기한 여러 식당과 카페가 즐비예전엔 고택에 작은 가게가 많았는데관광지화되면서 건물도 커지고 꽤나 현대화됐음더불어 사람도 많아지고 가격도 사악해짐;;
초당순두부마을,유명한집 유명하지 않은집의 차이가 크지 않음. 웨이팅 짧은 집에 가기를 권함.
초당순두부마을,멥기만
초당순두부마을,굳이 차막히는데 갈필요 없음 그냥 시내 순두부전문점 가는게 나을듯.
초당순두부마을,터무니없이 비싼것만아니면 다시가고싶음. 두부 두장에 8000원은 너무 심함
초당순두부마을,주차요금 없었으니 입장료는 없었고바다가 보이지 않았으니 뷰는 모르겠고좋은 사람과 함께 해서 그런지음식은 좋았음
초당순두부마을,"초당 순두부 마을의 순두두젤라또 1호점.가게 앞에 주차공간이 있고, 웨이팅 줄도 금방 줄어 바로 먹을 수 있어 좋아요."
초당순두부마을,주말 점심시간 동화가든이 만차라 대기 시간도 길어 주차장이 여유롭길래 한번 가봄. 밑반찬은 맛있고 다양함. 그러나... 짬뽕 순두부는 물을 탄 듯한 밍밍함 그 자체... 인기가 많은 집과 아닌 집은 분명 확실한 차이가 있는 것임.
초당순두부마을,마을 구경하기에 나름 괜찮! 바다 바로 옆 한가한 시골 전형적인
초당순두부마을,늦게까지않함 늦으면 갈생각 ㄴㄴ
초당순두부마을,음식이 너무 짜요(동화마을)2명가면 짬순2개가 아니라 하나는 짬순 하나는 일반 순두부 시켜 드시는걸 추천아 물롱 해장엔 훌륭함
초당순두부마을,늘 강원도를 오면 가는곳 !!!!
초당순두부마을,강원도 음식도 엄청 좋아졌군요.
초당순두부마을,이돈받고...?
초당순두부마을,경포대에서 걸어가면 소나무숲 사이로 나오던 마을. 여염집 부엌에서 의자 놓고 앉아 먹었던 낯선 순두부의 기억.
초당순두부마을,괜찮고 주차 잘되서 좋긴한데웨이팅 오래기다리면서 먹을정도는 아님
탑스텐호텔 금진온천,우연찮게 찾은 곳인데 시설 정말 좋습니다. 건성피부에 정말 좋습니다.
탑스텐호텔 금진온천,"바다가 잘 보이는 언덕에 위치해 있고, 냉온탕 열탕 습건식 사우나 모두 잘 갖춰져있어요. 다만 내부 벽 한 쪽에 엄청 큰 스크린이 있는데 시끄러운 뉴스 대신 힐링될 수 있는 편안한 영상을 틀어주면 더 좋겠어요."
탑스텐호텔 금진온천,사우나시설최고물도미네랄한가득최고에요
탑스텐호텔 금진온천,투숙객 아닌데 온천이용할 분은 네이버에서 할인티켓 구매하고 방문하세요! 참고로 경로우대는 불가해요!!고지대에 위치하여 목욕 후 시원한 바람으로 머물다 갈 수 있고온천장도 깨끗하고 조용하고 여러 탕들 있어 힐링 잘 하고 갑니다!
탑스텐호텔 금진온천,시설도 괜찮고 물도 좋고 사우나 습식 건식 땀빼기도 좋아요.
탑스텐호텔 금진온천,시설도 좋고 깨끗해요.  강추!
탑스텐호텔 금진온천,시설이 매우 깨끗하고 관리가 잘 되는편.탕안에서도 바다가 잘 보이고 벽면에 큰 스크린이 있습니다. 사우나가 약간 미지근한 편이라 아쉽네요.
탑스텐호텔 금진온천,"가성비좋은 숙소이며, 조식도 맛있고, 온천욕하기에도 좋아요!"
탑스텐호텔 금진온천,온천 매우 좋습니다. 족욕탕에 앉아있으면 웃지못할 일이 벌어집니다. 안에는 분명 사우나인데 밖에서는 거울로 비추는지 사진찍는분 종종 있습니다ㅋㅋㅋ
탑스텐호텔 금진온천,"별이 다섯개.....만점을 드리고 싶었으나......남탕에앉아서 씻는데 비누곽 있는부분,  물때 곰팡이가 너무많습니다...."
탑스텐호텔 금진온천,자유 수영하기 좋은 곳. 물이 좋고 온도도 최적
탑스텐호텔 금진온천,"시설완비! 남탕에 큰 스크린에 메이저리그 틀어주니 그 온탕 안에서의 뻘쭘함, 기싸움은 덜함ㅋㅋ 깨끗하고 온천수도 좋은듯. 다만 지하주차장이 좁고 주차 라인 면적이 일정치 않음."
탑스텐호텔 금진온천,"온천여행을 위해 전날 덕구온천에서 1박후 이곳 탑스텐호텔에 1박하면서 온천을 위해 방문하였으나, 온천탕은 매우 실망입니다.온천의 수질은 분석데이터를 믿는다해도 온천욕의 기본인 물의 온도는 제대로 측정해서 관리해야 하는게 기본일텐데, 탁한 물이 있는 탕만 온천수인데 물 온도 표기는 39. 2도 디스플레이되지만 실제 온도는 보통 온탕보다 더 낮은 온도라 온천욕을 하는 건지온천욕은 뜨건한 물에 몸을 담구는 자체로 힐링되는데 ......그리고 바로 옆 열탕(온천수 아님) 은 수온 42도 표기되었지만 발을 넣기 힘들 정도로 뜨거워서 아무도 들어가지 못하는 상태라,  관리하시는 분에게 온도 재확인해서 온천수 온도를 올리고 옆 열탕(온천수 아님) 은 온도를 내려 달라고 했는데.......디스플레이되는 온도랑은 안맞다는 둥.........(맞지 않는 온도계 왜 그냥 사용하는지??)   족욕탕도 미지근 탕입니다.  이건 기본이 안된 온천이라고 생각됨.그리고 샤워부스내 샤워 꼭지(자동)은 8초 나오고 끝....다른 꼭지도 확인하니 10초...12초   아무리 물을 절약한다해도 이건 사워 한번 하면서 스위치 몇번을 눌러야 되는건지.???.옆에 다른 꼭지 딱 하나만 대략 30초 정도 나오고 나머지는 다 찔끔~~수준입니다.(짜증날 정도)결론적으로 온천이라고 하긴 무리이며 대욕장은 일반 대중탕보다 못하다는 결론입니다.   온천욕을 기대하고 가면 실망일겁니다.  덕구, 백암, 척산에 비교하면  글쎄요 온천이라고 하기가 ..........  재방문하지는 않을 듯합니다."
탑스텐호텔 금진온천,티비보면서 멍때리기 좋고 온천물이 아주 좋아요 노천탕없는게 조금 아쉬움
하슬라아트월드,예쁘고 볼 거리 많아용 ㅎㅎ
하슬라아트월드,강릉 정동진 가는곳에 위치하여 정동진과 같은여행코스로 잡아도 좋을듯 싶습니다.다만 미술관같은 테마공원이라 이해도가 필요할거같습니다.야외에 있는 조각공원은 작품내용뿐아니라시원한 바다 조망도 있어 굿입니다.다만 조금 비싼듯한 느낌
하슬라아트월드,피노키오전이 인상깊었고강릉의 핫플레이스인 만큼평일에도 사람 인파가 많아요~~한번쯤 방문해보기좋아요~~
하슬라아트월드,하슬라아트월드. 강릉가면 꼭 가봐야하는곳으로 생각해요. 진짜 진짜 왕크고 사진찍는거 별로 안좋아하면 조금 곤욕일수있는데 (너무 커서 다 보고오려면 당 떨어짐) 인생샷 무조건 건지고 다이어트된다는점이 장점입니다ㅋ
하슬라아트월드,난 좋은데
하슬라아트월드,바다가 내려다 보이는 곳에 자리한 야외 미술관. 산책하듯이 둘러보기에 좋은 곳이다.
하슬라아트월드,사진 맛집
하슬라아트월드,아이와놀자
하슬라아트월드,차 없으면 가지마세요 뚜벅이 절대 가지마 아무도 가지마
하슬라아트월드,돈아까움 ; 안가는걸 추천..ㅋ... 바다구경 하러 가세요~
하슬라아트월드,전시는 볼 게 많지 않았다. 조각공원에서도 미술품이 멋지기보다는 전망이 좋았고 산책하기 좋았다.
하슬라아트월드,여친 생일 기념 강릉 놀러갔다가 방문.한마디로 말하면 기괴합니다.마지막 포토스팟 빼고는 포토스팟이란 포토스팟은 다 사진 찍기 싫습니다.작가가 무슨 가치관이 있는지는 모르겠으나 알고싶지도 않음.여러가지 컨셉이 아닌 기괴한 컨셉 유지.다 보고 나서 속이 메스꺼울 정도로 기분이 나빳습니다.가격도 싼편도 아니고 전시 퀄리티가 좋은것도 아니고...다른 곳 가세요.
하슬라아트월드,목요일에 가니까 사람들은 많이 없었어요.
하슬라아트월드,다음에 또 갈게요
하슬라아트월드,제임스완 감독식 호러를 좋아한다면 사람 없는 흐린날 방문 추천
하슬라아트월드,꼭 한번 가볼만한곳.
하슬라아트월드,정말 바깥 바다뷰말곤 어렵고.. 기괴하고.. 잘 모르겠네요..입장료가 싼 편도 아닌 것 같습니다
하슬라아트월드,비수기라 그런지 사람들 출구쪽으로 돈안내고 불법입장하던데 잡지도않고 굉장히 불쾌함
하슬라아트월드,야외공원에 버섯 있는건 좋았어요.근데 2년전 갈때보다 너무 두서없고 안에 통로도 어디로 가야할지 답답했음. 야외파이프로만든 길은 멋진데  왜 그길로 걸어 올라가서 구경해야하는지..내부가 좀 이상하게 바뀐거 같아요
하슬라아트월드,여러 미술작품이 있는 미술관입니다
하슬라아트월드,이것 저것 구경하면서 사진 찍고 추억만들기 좋은 것 같아요계단 오르고 내리고 해야하니 다리 불편하신 분은 조금 생각하고 가셔야할듯해요그러나 나이 있으신 엄마도 넘 재밌어 하셨어요
하슬라아트월드,2021.08.22 정서방네와한번쯤 갈만하다.
하슬라아트월드,"숙소도 특이하고, 야외 공원도 괜찮았음."
하슬라아트월드,개인적인 감상평입니다. 작품들이 좀 기괴하다고 느꼈습니다. 다른 전시나 미술관과는 다르게 의자가 없어서 힘들었습니다. 빨리 보고 나가라는 의도일지도. 야외전시로 나와서 바다와 산이 같이 보이는 풍경은 예뻤습니다. 역시나 밖에도 의자가 없는.
하슬라아트월드,할인받아 싸게 다녀왔어요.아이들도 넘 좋아하고 사진찍을 뷰포인트도 많고 좋았어요~~미술작품들도 넘 멋졌어요. 강추
하슬라아트월드,사진찍기 좋은 곳입니다. 가격은 좀 있는 편인듯. 접근성이 좋지 않고 주차자리가 많지 않아 사람 많으면 언덕에다 세워야합니다..
하슬라아트월드,한번은 가볼만 함..
하슬라아트월드,여기 직원중에 웬 30대후반 남성 자꾸 은근히 고양이 괴롭히는거 왜 대놓고 손님보는 앞에서 하는지? 고양이한테 질투함? 안보이는곳에서 괴롭히는지 고양이도 그남자만보면 피함 학대로 신고하기전에 그만두쇼
하슬라아트월드,"독특하고 모던한 현대 미술 작품과 눈부시게 푸른 바다를 볼 수 있는 전망대가 있는 곳..다만 가장 저렴한 입장료가 12,000원으로 관람내용에 비하면 비싼 편임."
하슬라아트월드,실내 전시 예쁘지만 포토스팟 갯수가 조금 부족하다고 느껴집니다. 조각공원 반복성이 높고 코스가 길어서 후반부엔 좀 지루하고 힘듭니다.
하슬라아트월드,이정도 규모에 입장료면 안아깝네요! 야외는 특히 잘꾸며져있어서 대단하다했어요! 동굴포토존은 40분넘게 기다려서찍었네요
하슬라아트월드,점심만 든든히 먹고가면 둘러보기 딱 좋아요~ 경치도 좋고 산책하기도 좋고. 작품도 많고요. 저는 기대이상이었습니다!
하슬라아트월드,Gallery
하슬라아트월드,비추에요포토존은 어느정도 있지만계단이 진짜 너무 많아요노약자분들은 가는길이 진짜 힘드실거에요...그리고 나가는길이 험난하기도 한데 엄청 높은곳이라서 높은곳 무서워하시는분들도 힘드실것같아요굳이 돈주고 가야되나 싶기도 한...그리고 안에 있는 카페 음료 마실바에는 걍 물드세요
하슬라아트월드,미술관이랑 산책길이 이쁨
하슬라아트월드,"다양한 미술과 시원한 전망이 멋진 곳입니다다만 아쉬운건좁은주차장, 좁은 이동 통로, 고소공포증이 있는 사람은 ㅎㄷㄷ 한 출구까지 가는 전망대 계단 입니다.호기심많고 활동량 폭발하는 아기와 함께는 비추 입니다."
하슬라아트월드,"자연과 조화,다양한 이야기가 있는 곳"
하슬라아트월드,강릉 여행 중에 비가 많이 와서 들렸는데 정말 최고입니다 아이와 함께 가니 시간 가는 줄 모르고 사진 엄청 찍고 왔어요
하슬라아트월드,"강원도의 명물 문화시설. 현대미술을 중심 주제로 하여 다양한 볼거리를 제공하고 있습니다. 그 유명한 동그라미 촬영소는 피노키오 전시관 입구와 알루미늄 시설 진입하는 사이에 있는데, 웨이팅이 상당한 편입니다만 그 기다린만큼의 보람이 있다고 여깁니다."
하슬라아트월드,야외와 조각공원이 실내보다 훨씬 좋음전시자체의 퀄리티는....날씨가 흐려도 자연과 어우러지는 나름의 멋이 있어서 굿b
하슬라아트월드,"2번째 방문. 바닷가 바로 앞에 있는 한적한 미술관이였는데, 사진만 무식하게 찍어대는 인스타 충들 때문에 조금 힘드네요.."
하슬라아트월드,"입장료가 싼 게 아닌데,돈값은 하네요.만족스러웠습니다~뭔가 정서적으로 평온을 주는 것 같은 곳생각보다 역동적인 곳구석구석 재미가 숨겨진 곳"
하슬라아트월드,너무 멋있고 좋아요하루 잡고 가야 할 듯
하슬라아트월드,"현대미술관인줄 알고 가면 실망할 곳, 근처 해군함정이 더 볼만했음.. 비엔날레까진 아니라도 어느정도 작가의 세계관이있을거라 생각했는데 그냥 인증샷용 미술관"
하슬라아트월드,시설자체는 나름 볼거리도 있고 재밌었어요~ 사진찍기도 좋구요 평일에가면 여유롭게 즐길수있을거같아요~ 뷰도 꽤 좋고 코스도 지루하진 않아서 한번은 가볼만해요 화장실은 좀 불편하고 카페는 티켓팅하시는곳에서 아래층으로 가시면 있어요주차장은 아래쪽에는 여유있지만 위쪽은 자리가 몇군데 없고 주말에는 주차가 어려울거예요
하슬라아트월드,비싸지만 바다보기좋은곳
하슬라아트월드,피노키오 전시관 나오는 길에 줄 절대 서지마세요. 사진 찍는 줄이었는데 그것도 모르고 1시간 넘게 기다리고 있었네요. 아무런 안내도 없고 줄만 길게 서있어서 당연히 조각공원 가는 줄인줄 알고 시간만 날렸습니다. 줄이 있는 곳 표지판에도 조각공원 가는길이라고 써져있었고요...누가 이 날씨에 사진을 야외에서 1시간 줄 서서 찍는지 이해가 안되네요. 줄 서면서 너무 지쳐서 조각공원 보지도 않고 나왔습니다. 뒤쪽에 아무것도 모르고 서 있는분들 많았던 것 같은데 안타깝네요
하슬라아트월드,애견동반으로 갈수있는곳이라 좋았습니다만다리불편한 분들은 가지마세용엘베가 없어서 엄마 이모는 입장료만 날림ㅜㅜ그래도 젊은사람들은 가볼만해요
하슬라아트월드,비가 많이 와서 야외는 못봤지만 작품이 많아서 볼거리가 많았어요
하슬라아트월드,일출명소
하슬라아트월드,한번 방문할 만 합니다.우중 야외산책 정말 좋았어요.가족과 즐거운 시간을 보냈습니다.
하슬라아트월드,입장할때 남자직원분 친절
하슬라아트월드,작품이 9년째 변함이 없네요...이제는 너무 낡었어요..
하슬라아트월드,"인스타 사진찍기용 미술관, 포토존 위주의 작품포토존 앞에 마스크 안쓰고 다닥다닥 줄서있는데 직원들 신경도 안씀, 코로나 파티~입구 관리가 허술해서 그 인근 거주하면 표 없이도 들어갈수 있을거같네요조각공원은 땅굴도 있고 산책로도 잘 만들어져 있었어요미술관 1시간 조각공원 1시간 30분 미술관 카페 30분 있었어요"
하슬라아트월드,가슴시리도록 바다가 보고싶을때...어디론가 떠나고싶을때....왠지 가슴이 답답할때...그냥 아무곳이나 가고싶을때...떠나세요..모두다 내려놓고 올수있는 힐링 그자체입니다
하슬라아트월드,이뻐요 근데 사람많음
하슬라아트월드,저희는 반려견 입장 가능이라고 해서 갔었는데 계단으로만 이용해야해서 견모차 안된다고 하는게 아쉬웠어요. 저희는 셔틀랜드 쉽독이랑 포메 키워서 내부에서는 견모차로 이동하려고 했었거든요. ㅠ결국 포메만 들어가야해서 엄마가 차에 셀티랑 남아서 기다리셨어요ㅠㅠ 소형견 이외의 견종은 못들어가면 애견동반입장이라고만 쓰지말고 견모차 불가능하다고 알려주셨으면 좋겠어요
하슬라아트월드,17000원 값어치 만큼만 하네요짜증나기도 했지만 적당량 수준의 좋은 전시물들 다소  복잡하기도 했지만잘 봤어요
하슬라아트월드,비추입니다~ 비싼 입장료에 비해서 어수선 하고 볼게 없어요. 냄새나고 음산해서 공포의 집 체험 하는 줄 알았어요~  관리가 제대로 안된거 같더라구요. 두번 다시 찾고싶지 않은 곳~!!!
하슬라아트월드,조각공원중에 시간의 정원 인상깊었어요.조각공원 올라가는데 30분 정도? 위치 환상이고 경치가 좋아요
하슬라아트월드,"독특한 작품들이 많고 사진 찍을 곳도 많다. 아이들을 위한 체험도 있고, 미로와 같은 실내 뮤지엄과 산책길로 좋은 조각 공원 모두 즐겁게 관람하기 좋다. 7세, 2세 아이들 엄청 좋아했습니다. 움직이는 인형과 철제 구조물이 특히 좋았어요."
하슬라아트월드,볼거리 많고 산책길도 넘 좋아요. 작품 퀄리티는 쏘쏘~그래도 이 곳을 일궈낸 작가부부 존경스럽네요.
하슬라아트월드,사진찍기 좋아한다면 강추~ 구경거리가 많지만 두번은 노노
하슬라아트월드,예술의 세계를 모르는 사람들은 어려울 듯. 사진 찍기 좋아하는 사람들은 좋을 듯.
하슬라아트월드,"한번쯤은 다녀갈만한 곳!개인적으로는 좋았고 사진 찍을 곳도 많았음.계단이 많고 의자가 없으며, 복잡한 길에 비해 안내표지판이 없는 건 사람들의 접근성을 떨어트릴 거라고 봄크기에 비해 주차장도 부족해 보임.휴일에 갈거라면 개장과 동시에 들어가는 걸 추천!!"
하슬라아트월드,20230720 굿주차공간 협소.입장료 아깝지않네!!!
하슬라아트월드,날씨좋은날 시간넉넉히 한바퀴 돌고오기 좋음
하슬라아트월드,볼거리 많고 너무 좋았어요다리가 아파서 조각공원은 못봤지만그래도 티켓값을 하는 공간이었어요
하슬라아트월드,"볼거리 많고 아기자기한 소품들도 괜찮음. 단점이라면 산 꼭대기에 올라갔는데 오솔길 옆으로 난 풀들이 오솔길을 침범해서 반바지나 치마 입고 지나가면 다리에 풀독 오를것 같아서 되돌아 나온게 아쉬워요.강릉 오면 반나절 시간 내서 오는걸 추천함. 천천히 구경하고 간식,커피 마시면서 여유를 느끼며 휴식을 취할 수 있음"
하슬라아트월드,피노키오 전시관에서 나와서 조각공원 가는길에 줄을 많이 서있던대 안내 문구나 안내좀 해주세요.포톤존 줄인줄도 모르고 멋머르고 기다렸다가 시간만 낭비함.
하슬라아트월드,눈덮힌 하슬라아트월드구름낀 바다 피노키오까지그리고 맛있는 초코케익 커피 내맘을ㅅ는들어놨어요~또올께요 친구들하고~♡
하슬라아트월드,운동하기 좋습니다.
하슬라아트월드,좋아요여긴그냥!!♡
하슬라아트월드,화장실 최악 여자 남자 같이 잇고 바로 옆인데 위 아래 뚫렷고 소리 다들리고 여자들이 불안할 화장실 누가 설계했는지 최악 시설 넓은데 화장실 최악
하슬라아트월드,"겉보기에만 예쁜 게 아니라 발상 재밌는 게 많음. 피자 묶는 빨간 노끈으로 거미줄처럼 만든다든지, 쇠파이프 하나로 대나무 갈대 둥지를 표현한다든지 등등꼭 인스타 아니더라도 미술작품 감상하러 가기 좋음"
하슬라아트월드,"사진찍고 하기엔 좋은데, 어디가 어디로 이어지는지안내문이 별로 없어서 아쉬움"
하슬라아트월드,"가격은 일반 전시회 가격인데 전시회 자체는 좋게 말하면 자유로운, 객관적으로 이야기하면 전체적으로 현대미술을 모조리 모아놓은 느낌이에요.. 주제를 따라가는 전시를 좋아하시는 분들은 패스하시는 편이 나을 것 같아요"
하슬라아트월드,생각보다 구석구석 볼거리가많음. 식사후방문하면 띡ㆍ좋을듯.
하슬라아트월드,고소공포증 주의!!!! 정말 진짜 제일 중요한 걸 아무도 안말하시네요!!! 강릉오면 꼭 와볼만한데 고소공포증있는 사람들은 진심 안오시는게 나아요 관람코스가 외부 파이프로 만들어진 곳을 지나가야하는데 진심 개무섭습니다. 애기들도 너무 무서워서 돌아나가고요 결국 사람들 절반정도 대부분 중간에 돌아서 나감 ㄷㄷㄷㄷ. 특히 비오면 위험하니 안미끄러운 안전한 운동화 신고오세요!!
하슬라아트월드,외부는 바다와 풍경이 이뻐서 좋은데내부는 이상한 피노키오와 기괴한 작품들이 즐비한 것이 마치 메이플스토리 루디브리엄 같네요그리고 인터넷에서 1만5천원인데타사 외국인 전용은 8천원대인것도 별로..
하슬라아트월드,4관 들어갔는데 인형공포증 있어서 그런지 진짜 무서웠음 ㅋㅋㅋ 재미는 있지만 진짜 앉을데가 없다 ..
하슬라아트월드,굳이?
하슬라아트월드,진짜...별루에요....진짜로 돈낭비고 기분 엄청나쁨
하슬라아트월드,주말 일찍 갔었는데 차가 많더라구요! 근데 잘 꾸며놔서 포토존에서 기다리면서 찍었는데 역시 포토존인 이유가 있네요!
하슬라아트월드,가격이 좀 비싸긴 했지만 볼게 많았어요
하슬라아트월드,진짜 최 악그냥 노잼앉을자리도 안만들고 이게 뭐하는짓이야너무 어지러워 그리고통로가 무슨 몇개냐?알바생 눈 똑바로 떠라 쳐맞고 정신차리지 말고그리고레스토랑 너무 비싸
하슬라아트월드,생각보다 볼거리는 많았어요뷰도 이쁘구요.주차가 너무 별로였어요.한쪽에 줄을 세워 한대씩 가게끔 해야지빙글빙글 돌다 자리나면 그냥 들어가면 먼저 기다리는사람들 열받아서 싸움 나겠던데요?주차요원아저씨 완전불친절
하슬라아트월드,실내 전시는 개인적으론 무료 전시라도 안 볼 퀄리티입니다.
하슬라아트월드,이뻐요 사진 많이 건짐
하슬라아트월드,오와~~~ 진짜!!! 야외조각공원 올라가면 가슴이 시원해집니다!!! 올레~~~!!! 전시관도 괜찮아요!!!
하슬라아트월드,"입장료 15,000원으로 올랐습니다주관적인 평1. 강릉 시내에서 가는길이 꽤 멀다2. 위치가 언덕에 있는데 주차 자리 없으면 밑에 주차하고 한참 올라와야합니다 여름에는 지쳐요3. 화장실 최악 일부러 킹받게 만든건지 남녀구분도 잘 안되어있고 조형물 한복판에 화장실이랍시고 만들어놓고 문 시정장치도 없어요4. 작품들 감성이 살짝 50대 이상 감성입니다5. 통로가 좁고 길 안내가 잘 안되어있습니다6. 동그라미 포토존에만 사람들 엄청 줄서있고 15,000원 내고 사진찍으러 가는 느낌입니다7. 바깥 바다가 보이는 풍경은 일품입니다8. 이 주변에 카페 하나 있는데 여기 강추합니다 홍보가 아니고 훨씬 갬성있습니다"
하슬라아트월드,주차요원이 싸가지 없음.. 화풀이를 애먼사람한태 함
하슬라아트월드,전시품들도 딱히 감흥도 없고 그냥 놀이공원 소품들 모아놓은 느낌이었어요..앉아서 쉴 곳도 마땅치 않고 야외 전시도 너무 오르막길의 연속이라 너무 힘들었네요 제일 충격적인건 야외에 돌 뮤지엄.. 큰 천막에 돌뮤지엄이라고 있길래 힘들게 올라가서 봤는데 걍 커다란 돌덩이 하나 메달아놓은ㅋㅋ 다들 이게 뭐냐고 어이없어하면서 지나가더군요.. 날씨 좋은 계절에 바다랑 풍경 보러갈겸 가면 나름 괜찮을 것 같은데 겨울이라 그런지 춥고 잔디도 초록초록하지 않고 입장료가 아까웠네요..가실 가면 겨울은 피하세요
하슬라아트월드,1. 주차 공간 협소. 자리 없으면 밑에 주차하고 걸어 올라가야 함.2. 요금이 수준에 비해 비쌈. 실내 전시는 무료라고 해도 안 볼 수준임3. 현대미술이라고 해논 작품이 난해하고 기괴함. 작품 설명에 부실함(종이 코팅해서 붙여놓음;)4. 야외 풍경은 예쁨. 공원은 볼게 없고 오르막이라 힘듦
하슬라아트월드,주차공간이 너무 부족해서별 하나 뺐습니다.
하슬라아트월드,피노키오 박물관에 가세요김영하 작가가 추천함따라따라따따따 짜릿짜릿할거다궁금투성이에 너 꼼짝마라 너
하슬라아트월드,이쁨
하슬라아트월드,입장료 15.00원한번은 가볼만 한곳
하슬라아트월드,알쓸신잡에 나온 곳. 가족과 나들이 하기에 딱이다.
하슬라아트월드,풍경 맛집!! 주차 공간이 부족하긴 해요
하슬라아트월드,뷰가 좋은것 같습니다.
하슬라아트월드,입구부터 차가 쭉~~~주차되어 있어요 주차자이 협소하지만 볼것 즐길것 가득해요 정말 아름다운 미술관입니다 아이가 너무 좋아하고 흥미가득한곳입니다
하슬라아트월드,"너무 비싸고, 감흥 없음"
하슬라아트월드,한번은 가볼만.... 또 가라하면 고민됨 ㅎ
하슬라아트월드,사진찍기 좋은복잡한 구조정신없음
하슬라아트월드,추천안해요 관리가 너무 안되어있어요. 포토존 몇개보러 여기까지 굳이?흐리면 정말 기묘한 곳이됩니다
하슬라아트월드,강릉과 정동진 사이.강릉의 푸른 바다가 한눈에 보여 한번 쯤 방문해볼만개인적으로 전시보다는 바다뷰가 더 마음에 들었음부가 좋아서 호텔도 이용해보면 좋을 거 같음조각공원은 엄청 크니 마음 단디 먹고 가시길체감 상 산 한개 오름
하슬라아트월드,인스타충들이 좋아할 것 같음입장료 개비쌈통로가 좁고 복잡함계단이 너무 많음 어르신들이 많이 힘들어 하실듯현대미술이 원래 좀 난해하긴 한데이건 극한의 난이도 였음ㅋㅋ 작품에 대한 설명도 안써있고 안내도도 없고 어휴;;돈아까웠음그나마 뷰 맛집?
하슬라아트월드,주차가 조금 아쉬운듯하나볼것 많고 여유를 즐기다 올수 있습니다.
하슬라아트월드,강릉 사진 맛집
하슬라아트월드,"미술관, 전시관도 너무 이뻤지만 호텔이 최고였어요ㅜㅠ 뷰도 너무 좋고 호텔에서 본 해돋이가 너무 이뻤어요. 기회 되시면 꼭 호텔도 같이 숙박하시길 추천드려요~"
하슬라아트월드,"8월에 갔었는데,돈주고 화만남.피노키오 관? 에있는 남자알바생..일하기싫으면 관두지 이게 왠 불친절??진짜 어이없음 출구가 어딘지몰라 한번 물었더니 대략 설명해주면될것을 “왔던길로 돌아가세요”래..어떻게 돌아가는지 물으니 뒤로요 뒤가 어디똑이죠? 지금걸어나온길이요 지금걸어나온길이.. ;;하니 오셨던길이요.이런식으로 귀찮단듯이 자꾸이상한?스무고개?말장난인지 큰 요구도아녔고 한마디만 제대로 대답해주는게 그리함든일인지 바쁘지도 않으면서 딱봐도 귀찮아하는 그모습이 넘 짜증났음.본인이야 여길 맨날오지만 우린 처음이니 햇갈릴수 있고 ,오른쪽 완쪽 방향을찾는 방법을 물은건데 저딴식으로 자꾸 단어만바꿔서 똑같은말장난 으로 안내를하니 싸우자는건지 대놓고 뭐라하고싶었는데 콜택시가 기다리고있어서 빨리 나올수밖에없었음.불친절한 알바생을쓸거면 출구나 길을 좀 헷갈리지않게 표시를 잘해두던가..물어볼일없게..미로같고 정신사납고 힘듦 돈아까움시설물도 높고 계단도 많아서 볼거리에비해 어른모시고 가긴 불편함.굿즈도 퀄리티애 비해 비쌈.미술품도 걍 .. 뷰 값내고왔다 쳤음"
하슬라아트월드,조각공원도 멋지고 숙소도 좋음.
하슬라아트월드,가볼만한곳
하슬라아트월드,하루전에표사서오세요 1000~2000원 할인 조각공원 조성 잘 되어 있음
하슬라아트월드,인생샷 포인트도 많고 볼거리 다양. 굉장히 넓음
하슬라아트월드,기대이상입니다. 중간중간 소홀한 부분도 보이긴 하지만 나름 괜찮은것 같았고 애들과도 좋은 시간 보냈습니다.화장실이 조금 아쉽기는 했어요.
하슬라아트월드,바다가 탁 트여서  시원합니다   사진이쁘게 잘나와요~^^*
하슬라아트월드,"갤러리, 미로."
하슬라아트월드,공원도 전시실도 볼거리 많고 사진 찍기도 좋아요~바다뷰도 좋아요.공원에서는 힐링 할 수 있어요.한가지 아쉬운건 작품설명이 거의 안되어 있어서작품 감상에는 아쉬움이 남았어요~
하슬라아트월드,볼게 너무 없음입장료...너무 아까움.볼거는 뷰 밖에..
하슬라아트월드,포토존도 많고 볼거리가 꽤 많았어요 ㅎㅎ 날 시원할때 가면 더 좋을듯..!
하슬라아트월드,입장부터 나는 퀘퀘한 곰팡이냄새때문에 관람이고 뭐고 그냥 나왔네요 내부에 카페도 먼지많고 관리 안되는 찐득한 테이블. 맛없는 커피
하슬라아트월드,"진짜 대박.. 현대 미술 좋아하시는 분들 꼭 가세요 사진 찍을 거 많아요 산책로는 별로 추천 안 합니다,,"
하슬라아트월드,"6년전에 갔을때 날씨도 엄청 좋았고 바다뷰도 좋았던 추억이 있었다!(인권비,보수 등의 이유로 현재는 성인12000->15000으로,,,!) 입장료가 엄청 싸지는 않지만 날 좋을땐 야외정원까지 다 돌아볼 수 있으니 개인적인 생각에선 합리적인 금액이라고 생각이 든당(이번엔 비가와 야외공원 패스)16년도엔 쇠파이프?가 없었고 동그라미 포토존도 없었음!!! 그 당시 봤던 작품들은 적재적소에 맞게 옮겨진 느낌이었음!! 확장 한 뒤에 더 유명해져서 사람도 더더 많아진듯함👍🏻나는 딱 들어올때 빠지는 차가 있어서 주차 난은 없었긴하다. 주차장이 막 엄청 좁진 않은데 그만큼 사람도 많아져서 사람들이 올라오는 길부터 주차를 하고오더라,,(마지막 7~10번째 사진은 2016년도에 확장 전 방문했을때의 한적함+공허함+차분함)난 갈때마다 좋았던 기억들이라 또 갈거임😁😝"
하슬라아트월드,주차 전쟁..
하슬라아트월드,핫스팟 사진 찍기 너무 좋아요~~  인생샷 레츠고~~!!주차가 몇대 안되니 최대한 가깝게 아무대나~
하슬라아트월드,현대인들의 지적 허영심이 만들어낸 결과물. 여행의 목적을 인스타그램에 업로드 할 과시용 사진 수집으로 하는 사람들을 위한 완벽한 15000원짜리 장소
하슬라아트월드,볼거 많고 다 좋았는데 마지막 코스에 카페앞 화장실 청소를 안해서 너무 더러웠어요
하슬라아트월드,위에 조각공원 가셔서 바다뷰를 보셔야 진정 즐긴거에요!! 꼭 가세요
하슬라아트월드,넘 이뻐여....또 사진찍으로 오고싶어요
하슬라아트월드,작품에 대한설명 뭐 이런건없음. 그냥 비오는날 사진찍으러 갈만한곳.
하슬라아트월드,볼게 너무 많아서 바빴음 산책하면서 둘러보기 정!말! 좋음
하슬라아트월드,현대미술....
하슬라아트월드,20230921
하슬라아트월드,레스토랑 짱 비싸
하슬라아트월드,은근 볼거 많고 각 관으로 이동할때 통로가 재밌어요. 포토존도 대여섯곳 있었고 야외시설 바다뷰도 너무 좋았음. 찾아서 갈정도는 아니더라도 여행왔을때 한번쯤 들를만합니다
하슬라아트월드,노약자 절대 가지 마세요.엘리베이터 못 탑니다. 계단 엄청 많습니다.원웨이(일방통행)이라 불편합니다.일반인도 가지 마세요. 볼 것 없습니다.별점 1점도 아까운 마음이 뭔지 알고왔네요. 비추천!!
하슬라아트월드,멋지고 생각보다 볼게 많았어요.앞의 바다도 볼 수 있어서 좋았구요.인터넷 예약하면 할인받을 수 있으니 할인받으세요!조각공원은 가을에가야 좋을 것 같아요.여름은 너무 더움ㅠㅠ
하슬라아트월드,인터넷 예약하면 좀 저렴하게 갈수있어요
하슬라아트월드,강릉여행을 간다면 한번쯤은 꼭 가보라고 하고 싶어요. 남녀노소 모두가 즐기기 좋은 관광지였고 볼거리도 많습니다.
하슬라아트월드,신기한 조형물이 많아 볼꺼리가 많아요
하슬라아트월드,음 .. 괜찮네요 ~
하슬라아트월드,하슬라
하슬라아트월드,"입장료 12,000이 아깝지 않아요강릉가시게되면 꼭 방문하세요"
하슬라아트월드,디자인이 거의 옥상같이 야외는 철근구조로 되어있어서 인상깊었어요. 그런데 비왔을때 가면 약간 미끌거려서 무서운점 ㅋㅋ; 뷰도 바다뷰여서 좋았고 실내를 1시간정도 구경할 수 있어서 딱 좋았어요.!
하슬라아트월드,강릉 비올 때 가기 최고의 장소. 생각보다 볼 거리가 많고 포토스팟도 많아서 사진 많이 남길 수 있다! 비가 안왔다면 조각공원도 볼 수 있었을텐데 아쉽다ㅠ 담에는 호텔도 같이 이용하고 싶다
하슬라아트월드,"볼 것이 매우 많고, 사진포인트도 많아 2시간정도 소요됨다만, 학생단체와 동선이 겹쳤는데, 정말 마구 만져대는대도, 그걸 제지하는 사람이 없다는게 아쉬웠다."
하슬라아트월드,기대를 안하고 가서 그런지 너무 좋았어요입장료 12000원 첨엔 좀 비싼 느낌이었는데전혀 아깝지 않았어요평일 오전인데도 사람이 꽤 있더라고요휴일은 복잡한 시간을 피해서 가야 사진을 제대로찍을거 같아요
하슬라아트월드,아기자기 이쁜 작품도 많고 경치도 좋은 굿굿굿
해안도로,드라이브 코스
해안도로,드라이브 하기에 너무 좋은 도로
해안도로,정동진 가는 길에 심곡항 바다 부채길 오르막 오르기 전 해안 도로...동해안을 통틀어 가장 아름 다운 바닷길입니다. 동해안 자전거 종주 중 만난 최고의 뷰... 오히려 정동진이 볼 거 없다는 생각이 들게 만든 길입니다.
해안도로,동해안 최고의 해안드라이브코스가 아닐까지척에 있는 기암석과 바다.. 하지만 좁은 도로경관이 좋아 자칫 하면 사고위험있으니 한눈팔기 금지
해안도로,최악
해안도로,헌화로.
해안도로,tmap헌화로
해파랑길 36코스(바우길08구간),험하지 않은 길이어서 좋다.오르락내리락 간간히 보이는 바다가 바람을 불어주어 좋다. 길다면 중간에 내려가는길도 있어 좋다.하지만 끝까지 10키로 가까운 길을 걸었다.다른 코스도 가봐야겠다.
해파랑길 36코스(바우길08구간),지루하고힘든 4시간이상의 산길.그냥 정동진 36 코스시작점에서 38코스끝지점 솔바람다리까지 바닷가 한코스로 만들어야~
해파랑길 39코스(바우길05구간),코스내내 평지를 걷습니다.편의점 숙소등이 코스내내 있어서 보급도 쉽습니다.종점~시작점 택시비 1.5만원 가량
해파랑길 39코스(바우길05구간),걸으면서 보는 경치가 최고입니다 적극 추천합니다
향호해변,자릿세는 뭔지 모르겠네요안타깝게 호구잡히셨네요ㅠ
향호해변,BTS버스정류장이 있는 예쁜 해변 ⛱️
향호해변,수평선이 잘보이고정말예뻤어요!
향호해변,물 깨끗하고 한적함
향호해변,(BTS 버정인지도 몰랐던 쪽 뒤) 나무 그늘진 자리에 돗자리 펴고 누워있었는데요. 자릿세 1만원을 내는게 맞는 건가요?텐트치고 숙박시 2만원이라는데관련시설물을 사용한 것도 없는데 이용료를 왜 내야하는지 모르겠어요
향호해변,해변 한적하고 이쁨
허난설헌생가터,겨울에 가면 겁나 따뜻함. 바람 안 불고 햇빛 쨍쨍
허난설헌생가터,간단하게 산책하고 둘러보기 좋습니다
허난설헌생가터,"허균, 허난설헌 영정이 있어요. 영정은 사진촬영 금지입니다. 남매 중 누나가 예쁜편."
허난설헌생가터,다른 고택은 사람이 살았다는 느낌이 안 나는데 생활의 흔적이 느껴져서 좋았습니다
허난설헌생가터,..월요일이라 사람없어서 쾌적하다고 했는데 월요일이라 닫았다는 비극. 찬찬히 산책하다보면 옆으로 건너갈수 있음(아르떼). 사진찍는거에 목적이 아니면 뮤지엄 밖에서 사진찍고(인증) 밖에있는 카페를 이용하는게 팁. 참고로 가격대비 컵이 좀 작음. 맛은 괜춘. 근데 거기 특별메뉴는 사진용으로만 시키는걸 추천. 넘나 쁘띠함.
허난설헌생가터,"날씨 좋은 날 갔는데 너무 좋았음 생가도 잘 보존되어 있는 것 같고 조경에 신경 쓰신 게 느껴짐 산책길 아름답고 나무,꽃,풀 구경만 해도 기분에 너무 좋아짐"
허난설헌생가터,관리를 매우 잘 해놓으신 듯합니다.
허난설헌생가터,생가터 뒤 소나무 숲이 정말 좋다
허난설헌생가터,강추~특히 조선시대 집구조를 알수있음.
허난설헌생가터,고즈넉하고 해송림도 너무 아름답습니다. 강추
허난설헌생가터,ℹ 기념관 옆에 위치한 생가터.⚠ 비극적인 죽음의 허씨 남매. ✌ 꽃 피는 봄에 오면 좋다는데.. 지금은 그냥 산책.( 사진 - 생가터 전경 & 허균 & 허난설헌 )
허난설헌생가터,보존상태가 꽈 조ㅗ다집 뒷쪽 소나무숲도 인상적
허난설헌생가터,뒷편에 키큰 벚꽃이 있네요.
허난설헌생가터,산책하면서 힐링하기 좋은곳소나무가 특히 멋있음
